Authors,Title,Year,Source title,Volume,Issue,Art. No.,Page start,Page end,Page count,Cited by,DOI,Link,Document Type,Access Type,Source,EID
"Paluch, R., Lu, X., Suchecki, K., Szymański, B.K., Hołyst, J.A.","Fast and accurate detection of spread source in large complex networks",2018,"Scientific Reports","8","1", 2508,"","",,,10.1038/s41598-018-20546-3,"https://www.scopus.com/inward/record.uri?eid=2-s2.0-85041666068&doi=10.1038%2fs41598-018-20546-3&partnerID=40&md5=062313613a3ed632159b05498534f33f",Article,,Scopus,2-s2.0-85041666068
"Huo, L., Cheng, Y., Liu, C., Ding, F.","Dynamic analysis of rumor spreading model for considering active network nodes and nonlinear spreading rate",2018,"Physica A: Statistical Mechanics and its Applications","506",,,"24","35",,,10.1016/j.physa.2018.03.063,"https://www.scopus.com/inward/record.uri?eid=2-s2.0-85045716690&doi=10.1016%2fj.physa.2018.03.063&partnerID=40&md5=66203b9df086f24cd066ea1ebb22ed59",Article,,Scopus,2-s2.0-85045716690
"Inayatillah, F.","Media and Information Literacy (MIL) in journalistic learning: Strategies for accurately engaging with information and reporting news",2018,"IOP Conference Series: Materials Science and Engineering","296","1", 012007,"","",,,10.1088/1757-899X/296/1/012007,"https://www.scopus.com/inward/record.uri?eid=2-s2.0-85044407645&doi=10.1088%2f1757-899X%2f296%2f1%2f012007&partnerID=40&md5=a50db4f9d5b78ade0c80c280b9ec43a5",Conference Paper,Open Access,Scopus,2-s2.0-85044407645
"Louni, A., Subbalakshmi, K.P.","Who Spread That Rumor: Finding the Source of Information in Large Online Social Networks With Probabilistically Varying Internode Relationship Strengths",2018,"IEEE Transactions on Computational Social Systems",,,,"","",,,10.1109/TCSS.2018.2801310,"https://www.scopus.com/inward/record.uri?eid=2-s2.0-85042357770&doi=10.1109%2fTCSS.2018.2801310&partnerID=40&md5=76b9ec1399b28b109a28d9f5c6e928dd",Article in Press,,Scopus,2-s2.0-85042357770
"Dickinson, J.K.","The experience of diabetes-related language in diabetes care",2018,"Diabetes Spectrum","31","1",,"58","64",,2,10.2337/ds16-0082,"https://www.scopus.com/inward/record.uri?eid=2-s2.0-85036631174&doi=10.2337%2fds16-0082&partnerID=40&md5=0e1929eb09a5390dc38dca3d00260610",Article,,Scopus,2-s2.0-85036631174
"Ye, H., Du, J.","Opinion Leader Mining of Social Network Combined with Hierarchical Sentiment Analysis",2018,"Lecture Notes in Electrical Engineering","458",,,"639","646",,,10.1007/978-981-10-6445-6_70,"https://www.scopus.com/inward/record.uri?eid=2-s2.0-85034117474&doi=10.1007%2f978-981-10-6445-6_70&partnerID=40&md5=412f44fe60fc09e9768a90541045f066",Conference Paper,,Scopus,2-s2.0-85034117474
"Sharma, V., You, I., Jayakody, D.N.K., Atiquzzaman, M.","Cooperative trust relaying and privacy preservation via edge-crowdsourcing in social Internet of Things",2018,"Future Generation Computer Systems",,,,"","",,1,10.1016/j.future.2017.12.039,"https://www.scopus.com/inward/record.uri?eid=2-s2.0-85040325142&doi=10.1016%2fj.future.2017.12.039&partnerID=40&md5=ae68f4841e8ade889dcdb6fafb62a909",Article in Press,,Scopus,2-s2.0-85040325142
"Yang, L., Qiao, Y., Liu, Z., Ma, J., Li, X.","Identifying opinion leader nodes in online social networks with a new closeness evaluation algorithm",2018,"Soft Computing","22","2",,"453","464",,1,10.1007/s00500-016-2335-3,"https://www.scopus.com/inward/record.uri?eid=2-s2.0-85040768049&doi=10.1007%2fs00500-016-2335-3&partnerID=40&md5=ef0c4b4323bdfea1fcacd9c8302567da",Article,,Scopus,2-s2.0-85040768049
"Kydros, D.","Twitting bad rumours - The grexit case",2018,"International Journal of Web Based Communities","14","1",,"4","20",,,10.1504/IJWBC.2018.090933,"https://www.scopus.com/inward/record.uri?eid=2-s2.0-85045412745&doi=10.1504%2fIJWBC.2018.090933&partnerID=40&md5=40eb6d79ac2e6b2e40656725dccf3525",Conference Paper,,Scopus,2-s2.0-85045412745
"Murata, T., Koga, H.","Methods for influence maximization in dynamic networks",2018,"Studies in Computational Intelligence","689",,,"955","966",,,10.1007/978-3-319-72150-7_77,"https://www.scopus.com/inward/record.uri?eid=2-s2.0-85036663885&doi=10.1007%2f978-3-319-72150-7_77&partnerID=40&md5=72b208ab893d012282031f633140b080",Conference Paper,,Scopus,2-s2.0-85036663885
"Li, X., Guo, J., Gao, C., Zhang, L., Zhang, Z.","A hybrid strategy for network immunization",2018,"Chaos, Solitons and Fractals","106",,,"214","219",,1,10.1016/j.chaos.2017.11.029,"https://www.scopus.com/inward/record.uri?eid=2-s2.0-85035018095&doi=10.1016%2fj.chaos.2017.11.029&partnerID=40&md5=19c482a3362787e8ef0104ef70553416",Article,,Scopus,2-s2.0-85035018095
"Leland, C., Ociepka, A., Kuonen, K., Bangert, S.","Learning to Talk Back to Texts",2018,"Journal of Adolescent and Adult Literacy",,,,"","",,,10.1002/jaal.730,"https://www.scopus.com/inward/record.uri?eid=2-s2.0-85040629135&doi=10.1002%2fjaal.730&partnerID=40&md5=335d711088f649b0337142883cc80119",Article in Press,,Scopus,2-s2.0-85040629135
"Abu Hashish, I., Motta, G., Ma, T., Liu, K.","An analysis of social data credibility for services systems in smart cities – Credibility assessment and classification of tweets",2018,"Lecture Notes of the Institute for Computer Sciences, Social-Informatics and Telecommunications Engineering, LNICST","189",,,"119","130",,,10.1007/978-3-319-67636-4_14,"https://www.scopus.com/inward/record.uri?eid=2-s2.0-85034086575&doi=10.1007%2f978-3-319-67636-4_14&partnerID=40&md5=bb4e27332c77b5562ba20552d923835d",Conference Paper,,Scopus,2-s2.0-85034086575
"Cournut-Janin, M.","The origin of psychoanalysis between bisexuality and transference",2018,"Psychic Bisexuality: A British-French Dialogue",,,,"90","102",,,10.4324/9781351262965,"https://www.scopus.com/inward/record.uri?eid=2-s2.0-85045865855&doi=10.4324%2f9781351262965&partnerID=40&md5=27140cb2b04765cafc1402313e5cb340",Book Chapter,,Scopus,2-s2.0-85045865855
"Tong, G., Wu, W., Guo, L., Li, D., Liu, C., Liu, B., Du, D.","An Efficient Randomized Algorithm for Rumor Blocking in Online Social Networks",2017,"IEEE Transactions on Network Science and Engineering",,,,"","",,2,10.1109/TNSE.2017.2783190,"https://www.scopus.com/inward/record.uri?eid=2-s2.0-85034210329&doi=10.1109%2fTNSE.2017.2783190&partnerID=40&md5=e94e141937eec704b877c896ad5b8ae8",Article in Press,,Scopus,2-s2.0-85034210329
"Andersen, B., Hair, L., Groshek, J., Krishna, A., Walker, D.","Understanding and Diagnosing Antimicrobial Resistance on Social Media: A Yearlong Overview of Data and Analytics",2017,"Health Communication",,,,"1","11",,1,10.1080/10410236.2017.1405479,"https://www.scopus.com/inward/record.uri?eid=2-s2.0-85036661547&doi=10.1080%2f10410236.2017.1405479&partnerID=40&md5=786765187dc0c12a07cd7d0602e73c42",Article in Press,,Scopus,2-s2.0-85036661547
"Chua, A.Y.K., Banerjee, S.","To share or not to share: The role of epistemic belief in online health rumors",2017,"International Journal of Medical Informatics","108",,,"36","41",,,10.1016/j.ijmedinf.2017.08.010,"https://www.scopus.com/inward/record.uri?eid=2-s2.0-85030552198&doi=10.1016%2fj.ijmedinf.2017.08.010&partnerID=40&md5=a3c5e35d897ba1fa0ebcc8b12d5ab562",Article,,Scopus,2-s2.0-85030552198
"Bhat, S.Y., Abulaish, M.","A unified framework for community structure analysis in dynamic social networks",2017,"Hybrid Intelligence for Social Networks",,,,"77","97",,,10.1007/978-3-319-65139-2_4,"https://www.scopus.com/inward/record.uri?eid=2-s2.0-85042586183&doi=10.1007%2f978-3-319-65139-2_4&partnerID=40&md5=9e9e321aea1fbda7b8957e1cb1129648",Book Chapter,,Scopus,2-s2.0-85042586183
"Packer, M.","Are Meta-Analyses a Form of Medical Fake News?:Thoughts about How They Should Contribute to Medical Science and Practice",2017,"Circulation","136","22",,"2097","2099",,4,10.1161/CIRCULATIONAHA.117.030209,"https://www.scopus.com/inward/record.uri?eid=2-s2.0-85037362796&doi=10.1161%2fCIRCULATIONAHA.117.030209&partnerID=40&md5=f1e9c9273820a9d7acbd4f65b95ee758",Article,,Scopus,2-s2.0-85037362796
"Buntain, C., Golbeck, J.","Automatically Identifying Fake News in Popular Twitter Threads",2017,"Proceedings - 2nd IEEE International Conference on Smart Cloud, SmartCloud 2017",,, 8118443,"208","215",,,10.1109/SmartCloud.2017.40,"https://www.scopus.com/inward/record.uri?eid=2-s2.0-85041669389&doi=10.1109%2fSmartCloud.2017.40&partnerID=40&md5=1cdf8de6ed92abeecf22cd37b95bfe96",Conference Paper,,Scopus,2-s2.0-85041669389
"Granik, M., Mesyura, V.","Fake news detection using naive Bayes classifier",2017,"2017 IEEE 1st Ukraine Conference on Electrical and Computer Engineering, UKRCON 2017 - Proceedings",,, 8100379,"900","903",,,10.1109/UKRCON.2017.8100379,"https://www.scopus.com/inward/record.uri?eid=2-s2.0-85039900097&doi=10.1109%2fUKRCON.2017.8100379&partnerID=40&md5=3f60f07242265949f760115fceb48717",Conference Paper,,Scopus,2-s2.0-85039900097
"Tong, G.A., Wu, W., Guo, L., Li, D., Liu, C., Liu, B., Du, D.-Z.","An efficient randomized algorithm for rumor blocking in online social networks",2017,"Proceedings - IEEE INFOCOM",,, 8056957,"","",,,10.1109/INFOCOM.2017.8056957,"https://www.scopus.com/inward/record.uri?eid=2-s2.0-85034050983&doi=10.1109%2fINFOCOM.2017.8056957&partnerID=40&md5=439539315070cf5cc228ac48c0a61dfb",Conference Paper,,Scopus,2-s2.0-85034050983
"Kim, I.-H., Feng, C.-C., Wang, Y.-C., Spitzberg, B.H., Tsou, M.-H.","Exploratory Spatiotemporal Analysis in Risk Communication during the MERS Outbreak in South Korea",2017,"Professional Geographer","69","4",,"629","643",,,10.1080/00330124.2017.1288577,"https://www.scopus.com/inward/record.uri?eid=2-s2.0-85016515980&doi=10.1080%2f00330124.2017.1288577&partnerID=40&md5=a84690f5176d93cd150489644490ebf3",Article,,Scopus,2-s2.0-85016515980
"Marcon, A.R., Murdoch, B., Caulfield, T.","Fake news portrayals of stem cells and stem cell research",2017,"Regenerative Medicine","12","7",,"765","775",,2,10.2217/rme-2017-0060,"https://www.scopus.com/inward/record.uri?eid=2-s2.0-85033585308&doi=10.2217%2frme-2017-0060&partnerID=40&md5=edd29082e4b527969a64e00a7c77e48b",Article,,Scopus,2-s2.0-85033585308
"Viviani, M., Pasi, G.","Credibility in social media: opinions, news, and health information—a survey",2017,"Wiley Interdisciplinary Reviews: Data Mining and Knowledge Discovery","7","5", e1209,"","",,1,10.1002/widm.1209,"https://www.scopus.com/inward/record.uri?eid=2-s2.0-85020191750&doi=10.1002%2fwidm.1209&partnerID=40&md5=60ab31725dab10083bf70ff4950674b5",Review,,Scopus,2-s2.0-85020191750
"Yang, L., Tian, Y., Li, J., Ma, J., Zhang, J.","Identifying opinion leaders in social networks with topic limitation",2017,"Cluster Computing","20","3",,"2403","2413",,,10.1007/s10586-017-0732-8,"https://www.scopus.com/inward/record.uri?eid=2-s2.0-85010822640&doi=10.1007%2fs10586-017-0732-8&partnerID=40&md5=e146a864072edca005d94044593e4727",Article,,Scopus,2-s2.0-85010822640
"Thu, P.P., New, N.","Implementation of emotional features on satire detection",2017,"Proceedings - 18th IEEE/ACIS International Conference on Software Engineering, Artificial Intelligence, Networking and Parallel/Distributed Computing, SNPD 2017",,, 8022715,"149","154",,1,10.1109/SNPD.2017.8022715,"https://www.scopus.com/inward/record.uri?eid=2-s2.0-85030848543&doi=10.1109%2fSNPD.2017.8022715&partnerID=40&md5=4905d9e58dda037aa7b967393dc7ef57",Conference Paper,,Scopus,2-s2.0-85030848543
"Mao, J., Tian, W., Li, P., Wei, T., Liang, Z.","Phishing-Alarm: Robust and Efficient Phishing Detection via Page Component Similarity",2017,"IEEE Access","5",, 8015116,"17020","17030",,,10.1109/ACCESS.2017.2743528,"https://www.scopus.com/inward/record.uri?eid=2-s2.0-85028505893&doi=10.1109%2fACCESS.2017.2743528&partnerID=40&md5=75df4e9b20ca5d8f60c503de47bcf078",Article,,Scopus,2-s2.0-85028505893
"Summers, S., Riley, B.","Tidal wave of fake news ruins thousands of student projects!: Navigating technical and professional writing in the misinformation age",2017,"IEEE International Professional Communication Conference",,, 8013972,"","",,,10.1109/IPCC.2017.8013972,"https://www.scopus.com/inward/record.uri?eid=2-s2.0-85030086227&doi=10.1109%2fIPCC.2017.8013972&partnerID=40&md5=9cd1616751498d817fa6723306976bc4",Conference Paper,,Scopus,2-s2.0-85030086227
"Kummervold, P.E., Schulz, W.S., Smout, E., Fernandez-Luque, L., Larson, H.J.","Controversial Ebola vaccine trials in Ghana: A thematic analysis of critiques and rebuttals in digital news",2017,"BMC Public Health","17","1", 642,"","",,,10.1186/s12889-017-4618-8,"https://www.scopus.com/inward/record.uri?eid=2-s2.0-85026915433&doi=10.1186%2fs12889-017-4618-8&partnerID=40&md5=f1d958a9c476a697017ac878ca8f8b0c",Article,,Scopus,2-s2.0-85026915433
"Vardasbi, A., Faili, H., Asadpour, M.","SWIM: Stepped weighted shell decomposition influence maximization for large-scale networks",2017,"ACM Transactions on Information Systems","36","1", 6,"","",,,10.1145/3072652,"https://www.scopus.com/inward/record.uri?eid=2-s2.0-85028655689&doi=10.1145%2f3072652&partnerID=40&md5=7dbd597a6d96b08d58eb35f257ce0f44",Article,,Scopus,2-s2.0-85028655689
"Zhang, Y., Chen, W., Yeo, C.K., Lau, C.T., Lee, B.S.","Detecting rumors on Online Social Networks using multi-layer autoencoder",2017,"2017 IEEE Technology and Engineering Management Society Conference, TEMSCON 2017",,, 7998415,"437","441",,1,10.1109/TEMSCON.2017.7998415,"https://www.scopus.com/inward/record.uri?eid=2-s2.0-85028528428&doi=10.1109%2fTEMSCON.2017.7998415&partnerID=40&md5=34019af6ba32f84851d02e7b4bdb465c",Conference Paper,,Scopus,2-s2.0-85028528428
"Yu, P.-D., Tan, C.W., Fu, H.-L.","Rumor source detection in finite graphs with boundary effects by message-passing algorithms",2017,"Proceedings of the 2017 IEEE/ACM International Conference on Advances in Social Networks Analysis and Mining, ASONAM 2017",,,,"86","90",,,10.1145/3110025.3110028,"https://www.scopus.com/inward/record.uri?eid=2-s2.0-85040254305&doi=10.1145%2f3110025.3110028&partnerID=40&md5=c9c9edcee07e5b6a4dc71f01a265f669",Conference Paper,,Scopus,2-s2.0-85040254305
"Zhu, L., Zhao, H.","Dynamical behaviours and control measures of rumour-spreading model with consideration of network topology",2017,"International Journal of Systems Science","48","10",,"2064","2078",,3,10.1080/00207721.2017.1312628,"https://www.scopus.com/inward/record.uri?eid=2-s2.0-85017446888&doi=10.1080%2f00207721.2017.1312628&partnerID=40&md5=b977a516965521a54694ce7c56163fca",Article,,Scopus,2-s2.0-85017446888
"Sun, H., Zanetti, L.","Distributed graph clustering by load balancing",2017,"Annual ACM Symposium on Parallelism in Algorithms and Architectures","Part F129316",,,"163","171",,,10.1145/3087556.3087569,"https://www.scopus.com/inward/record.uri?eid=2-s2.0-85027851374&doi=10.1145%2f3087556.3087569&partnerID=40&md5=b07bbbf19550c573483529e3ad321a52",Conference Paper,,Scopus,2-s2.0-85027851374
"Leone, D., Menichetti, J., Barusi, L., Chelo, E., Costa, M., De Lauretis, L., Ferraretti, A.P., Livi, C., Luehwink, A., Tomasi, G., Vegni, E.","Breaking bad news in assisted reproductive technology: A proposal for guidelines",2017,"Reproductive Health","14","1", 87,"","",,,10.1186/s12978-017-0350-1,"https://www.scopus.com/inward/record.uri?eid=2-s2.0-85025081278&doi=10.1186%2fs12978-017-0350-1&partnerID=40&md5=5e72de0dad6e1afcc262404f65e48dcc",Article,,Scopus,2-s2.0-85025081278
"Tsikerdekis, M.","Real-Time Identity Deception Detection Techniques for Social Media: Optimizations and Challenges",2017,"IEEE Internet Computing",,,,"","",,,10.1109/MIC.2017.265102442,"https://www.scopus.com/inward/record.uri?eid=2-s2.0-85023622445&doi=10.1109%2fMIC.2017.265102442&partnerID=40&md5=24e4dd40ff3068dbcbb92bdc3324997a",Article in Press,,Scopus,2-s2.0-85023622445
"Zhang, Y., Chen, W., Yeo, C.K., Lau, C.T., Lee, B.S.","A distance-based outlier detection method for rumor detection exploiting user behaviorial differences",2017,"Proceedings of 2016 International Conference on Data and Software Engineering, ICoDSE 2016",,, 7936102,"","",,1,10.1109/ICODSE.2016.7936102,"https://www.scopus.com/inward/record.uri?eid=2-s2.0-85025669458&doi=10.1109%2fICODSE.2016.7936102&partnerID=40&md5=b8daf3e4319dcb1a25d2d3c1d6f4103b",Conference Paper,,Scopus,2-s2.0-85025669458
[No author name available],"ACM International Conference Proceeding Series",2017,"ACM International Conference Proceeding Series","Part F130280",,,"","",301,,,"https://www.scopus.com/inward/record.uri?eid=2-s2.0-85030084671&partnerID=40&md5=be607463d3f3e90bf61bf493fb2f53a0",Conference Review,,Scopus,2-s2.0-85030084671
"Jiang, P., Yan, X.","Stability analysis and control models for rumor spreading in online social networks",2017,"International Journal of Modern Physics C","28","5", 1750061,"","",,,10.1142/S0129183117500619,"https://www.scopus.com/inward/record.uri?eid=2-s2.0-85017413158&doi=10.1142%2fS0129183117500619&partnerID=40&md5=200bfc47e80ff5d95c157aa7846bafa8",Article,,Scopus,2-s2.0-85017413158
"Squicciarini, A., Rajtmajer, S., Griffin, C.","Positive and negative behavioral analysis in social networks",2017,"Wiley Interdisciplinary Reviews: Data Mining and Knowledge Discovery","7","3", e1203,"","",,,10.1002/widm.1203,"https://www.scopus.com/inward/record.uri?eid=2-s2.0-85016423114&doi=10.1002%2fwidm.1203&partnerID=40&md5=eafbc407e04173e3a988804b33e1eafb",Review,,Scopus,2-s2.0-85016423114
"Fraiwan, M., Al-Younes, B., Al-Jarrah, O., Khasawneh, N.","Analysis and classification of Arabic crowd-sourced news reports: A case study of the Syrian crisis",2017,"Proceedings of the 2016 12th International Conference on Innovations in Information Technology, IIT 2016",,, 7880033,"","",,,10.1109/INNOVATIONS.2016.7880033,"https://www.scopus.com/inward/record.uri?eid=2-s2.0-85017634903&doi=10.1109%2fINNOVATIONS.2016.7880033&partnerID=40&md5=57de48055cde1a25f2b1ce1da8769616",Conference Paper,,Scopus,2-s2.0-85017634903
"He, Z., Cai, Z., Yu, J., Wang, X., Sun, Y., Li, Y.","Cost-Efficient Strategies for Restraining Rumor Spreading in Mobile Social Networks",2017,"IEEE Transactions on Vehicular Technology","66","3", 7501551,"2789","2800",,21,10.1109/TVT.2016.2585591,"https://www.scopus.com/inward/record.uri?eid=2-s2.0-85010714628&doi=10.1109%2fTVT.2016.2585591&partnerID=40&md5=630d0773a2bd5094994db6e2632ed89f",Article,,Scopus,2-s2.0-85010714628
"Jin, Z., Cao, J., Zhang, Y., Zhou, J., Tian, Q.","Novel Visual and Statistical Image Features for Microblogs News Verification",2017,"IEEE Transactions on Multimedia","19","3", 7589045,"598","608",,3,10.1109/TMM.2016.2617078,"https://www.scopus.com/inward/record.uri?eid=2-s2.0-85013439258&doi=10.1109%2fTMM.2016.2617078&partnerID=40&md5=39ce5b17b64b18fc4622e6dcc54078bb",Article,,Scopus,2-s2.0-85013439258
"Foroutan, N., Hamzeh, A.","Discovering the Hidden Structure of a Social Network: A Semi Supervised Approach",2017,"IEEE Transactions on Computational Social Systems","4","1", 7869356,"14","25",,2,10.1109/TCSS.2017.2668843,"https://www.scopus.com/inward/record.uri?eid=2-s2.0-85015321291&doi=10.1109%2fTCSS.2017.2668843&partnerID=40&md5=8221ccf51a7c381b965466415a3b11bd",Article,,Scopus,2-s2.0-85015321291
"Curbelo Rodríguez, R., Zarco Montejo, P., Almodóvar González, R., Flórez García, M., Carmona Ortells, L.","Barriers and Facilitators for the Practice of Physical Exercise in Patients With Spondyloarthritis: Qualitative Study of Focus Groups (EJES-3D) [Barreras y facilitadores para la práctica del ejercicio físico en pacientes con espondiloartritis: estudio cualitativo de grupos focales (EJES-3D)]",2017,"Reumatologia Clinica","13","2",,"91","96",,,10.1016/j.reuma.2016.03.004,"https://www.scopus.com/inward/record.uri?eid=2-s2.0-84975487994&doi=10.1016%2fj.reuma.2016.03.004&partnerID=40&md5=d19fda3d70d9e85fb41d54404c0a62ee",Article,,Scopus,2-s2.0-84975487994
"Jianyi, H., Chungjin, H., Mingzhe, F., Peng, S., Tong, W.","A simple method for locating topic sources in uncertainty diffusion networks",2017,"Proceedings - 2016 IEEE 1st International Conference on Data Science in Cyberspace, DSC 2016",,, 7866152,"364","369",,,10.1109/DSC.2016.44,"https://www.scopus.com/inward/record.uri?eid=2-s2.0-85016793916&doi=10.1109%2fDSC.2016.44&partnerID=40&md5=6cdf3782ada7d26b907ed257143c768c",Conference Paper,,Scopus,2-s2.0-85016793916
"Wang, D., Musaev, A., Pu, C.","Information diffusion analysis of rumor dynamics over a social-interaction based model",2017,"Proceedings - 2016 IEEE 2nd International Conference on Collaboration and Internet Computing, IEEE CIC 2016",,, 7809720,"312","320",,1,10.1109/CIC.2016.47,"https://www.scopus.com/inward/record.uri?eid=2-s2.0-85013152316&doi=10.1109%2fCIC.2016.47&partnerID=40&md5=e9e0c72f8d5124a23183d4ea60d09466",Conference Paper,,Scopus,2-s2.0-85013152316
"Zhao, B., Sui, D.Z.","True lies in geospatial big data: detecting location spoofing in social media",2017,"Annals of GIS","23","1",,"1","14",,3,10.1080/19475683.2017.1280536,"https://www.scopus.com/inward/record.uri?eid=2-s2.0-85011299402&doi=10.1080%2f19475683.2017.1280536&partnerID=40&md5=a5adeeb192e8626e5ddab8a0c2e06a6f",Article,,Scopus,2-s2.0-85011299402
"Özgöbek, O., Gulla, J.A.","Towards an understanding of fake news",2017,"CEUR Workshop Proceedings","2041",,,"35","42",,,,"https://www.scopus.com/inward/record.uri?eid=2-s2.0-85041668341&partnerID=40&md5=e1e5fceb43c850b74d0bd7b5d17cbf61",Conference Paper,,Scopus,2-s2.0-85041668341
"Wang, W.Y.","“Liar, liar pants on fire”: A new benchmark dataset for fake news detection",2017,"ACL 2017 - 55th Annual Meeting of the Association for Computational Linguistics, Proceedings of the Conference (Long Papers)","2",,,"422","426",,2,10.18653/v1/P17-2067,"https://www.scopus.com/inward/record.uri?eid=2-s2.0-85040544441&doi=10.18653%2fv1%2fP17-2067&partnerID=40&md5=b47ca442639c055d65188127cd794558",Conference Paper,,Scopus,2-s2.0-85040544441
"Ma, J., Gao, W., Wong, K.-F.","Detect rumors in microblog posts using propagation structure via kernel learning",2017,"ACL 2017 - 55th Annual Meeting of the Association for Computational Linguistics, Proceedings of the Conference (Long Papers)","1",,,"708","717",,1,10.18653/v1/P17-1066,"https://www.scopus.com/inward/record.uri?eid=2-s2.0-85040238063&doi=10.18653%2fv1%2fP17-1066&partnerID=40&md5=d7f4ab4c16238810e60830214ccaf2b4",Conference Paper,,Scopus,2-s2.0-85040238063
"Al-Taie, M.Z., Kadry, S.","Information diffusion in social networks",2017,"Advanced Information and Knowledge Processing",,"9783319530031",,"165","184",,,10.1007/978-3-319-53004-8_8,"https://www.scopus.com/inward/record.uri?eid=2-s2.0-85032287593&doi=10.1007%2f978-3-319-53004-8_8&partnerID=40&md5=d3676d2e407212913ba0869f40809abd",Book Chapter,,Scopus,2-s2.0-85032287593
"Aker, A., Derczynski, L., Bontcheva, K.","Simple open stance classification for rumour analysis",2017,"International Conference Recent Advances in Natural Language Processing, RANLP","2017-September",,,"31","39",,,10.26615/978-954-452-049-6-005,"https://www.scopus.com/inward/record.uri?eid=2-s2.0-85045733701&doi=10.26615%2f978-954-452-049-6-005&partnerID=40&md5=00a3709d457181b781f30cc4aa1dc407",Conference Paper,,Scopus,2-s2.0-85045733701
"Verma, N., Fleischmann, K.R., Koltai, K.S.","Human values and trust in scientific journals, the mainstream media and fake news",2017,"Proceedings of the Association for Information Science and Technology","54","1",,"426","435",,1,10.1002/pra2.2017.14505401046,"https://www.scopus.com/inward/record.uri?eid=2-s2.0-85040778516&doi=10.1002%2fpra2.2017.14505401046&partnerID=40&md5=5af9cd31a353b07a9dd54badd6285e66",Article,,Scopus,2-s2.0-85040778516
"Levchuk, G., Shabarekh, C.","Using soft-hard fusion for misinformation detection and pattern of life analysis in OSINT",2017,"Proceedings of SPIE - The International Society for Optical Engineering","10207",, 1020704,"","",,,10.1117/12.2263546,"https://www.scopus.com/inward/record.uri?eid=2-s2.0-85025688364&doi=10.1117%2f12.2263546&partnerID=40&md5=ac11c78849145d7ee6ec23921d6e3b64",Conference Paper,,Scopus,2-s2.0-85025688364
"Ryabchenko, N.A., Malysheva, O.P.","How to become a president: Election technologies in the post-truth and fake news Era",2017,"Man in India","97","23",,"507","527",,,,"https://www.scopus.com/inward/record.uri?eid=2-s2.0-85041651060&partnerID=40&md5=eb09b94362187598503848f2a72a35b5",Article,,Scopus,2-s2.0-85041651060
"Tsvetkova, M.I.","The speed reading is in disrepute: Advantages of slow reading for the information equilibrium",2017,"European Journal of Contemporary Education","6","3",,"593","603",,1,10.13187/ejced.2017.3.593,"https://www.scopus.com/inward/record.uri?eid=2-s2.0-85029528688&doi=10.13187%2fejced.2017.3.593&partnerID=40&md5=e8c2cb48f3d99272d5929d2477d7b287",Article,,Scopus,2-s2.0-85029528688
"Pires, B., Crooks, A.T.","Modeling the emergence of riots: A geosimulation approach",2017,"Computers, Environment and Urban Systems","61",,,"66","80",,3,10.1016/j.compenvurbsys.2016.09.003,"https://www.scopus.com/inward/record.uri?eid=2-s2.0-84994716130&doi=10.1016%2fj.compenvurbsys.2016.09.003&partnerID=40&md5=fa31a913b61517f2413de6e84df647df",Article,,Scopus,2-s2.0-84994716130
"Xu, S., Zhou, Y., Zhang, Z.","Estimating the origin of diffusion in complex networks with limited observations",2017,"Communications in Computer and Information Science","774",,,"296","307",,1,10.1007/978-981-10-6805-8_24,"https://www.scopus.com/inward/record.uri?eid=2-s2.0-85034229553&doi=10.1007%2f978-981-10-6805-8_24&partnerID=40&md5=6984600fd74215a055a46fd004f9581b",Conference Paper,,Scopus,2-s2.0-85034229553
"Shehata, M., Yacout, O., Moinet, N., Alloing, C.","Towards an innovative understanding of the different practices of social media crises management caused by rumors in different environments",2017,"Proceedings of the 29th International Business Information Management Association Conference - Education Excellence and Innovation Management through Vision 2020: From Regional Development Sustainability to Global Economic Growth",,,,"1133","1136",,,,"https://www.scopus.com/inward/record.uri?eid=2-s2.0-85029749693&partnerID=40&md5=6462708d7610e7e47444bc4aee7f72a0",Conference Paper,,Scopus,2-s2.0-85029749693
"Laskowski, M.","A Blockchain-enabled participatory decision support framework",2017,"Lecture Notes in Computer Science (including subseries Lecture Notes in Artificial Intelligence and Lecture Notes in Bioinformatics)","10354 LNCS",,,"329","334",,,10.1007/978-3-319-60240-0_40,"https://www.scopus.com/inward/record.uri?eid=2-s2.0-85022324303&doi=10.1007%2f978-3-319-60240-0_40&partnerID=40&md5=d3a5b1475d5aa77a5521ce90dbc1aa3f",Conference Paper,,Scopus,2-s2.0-85022324303
"Król, D., Wiśniewska, K.","On rumor source detection and its experimental verification on Twitter",2017,"Lecture Notes in Computer Science (including subseries Lecture Notes in Artificial Intelligence and Lecture Notes in Bioinformatics)","10191 LNAI",,,"110","119",,,10.1007/978-3-319-54472-4_11,"https://www.scopus.com/inward/record.uri?eid=2-s2.0-85018575642&doi=10.1007%2f978-3-319-54472-4_11&partnerID=40&md5=9eaa006baf6e63b71e61a19697fbe251",Conference Paper,,Scopus,2-s2.0-85018575642
"Yao, W., Dai, Z., Huang, R., Caverlee, J.","Online deception detection refueled by real world data collection",2017,"International Conference Recent Advances in Natural Language Processing, RANLP","2017-September",,,"793","802",,,10.26615/978-954-452-049-6-102,"https://www.scopus.com/inward/record.uri?eid=2-s2.0-85045727984&doi=10.26615%2f978-954-452-049-6-102&partnerID=40&md5=1bc667ba024ab16f2e947a0ef3239b95",Conference Paper,,Scopus,2-s2.0-85045727984
"Jiang, J., Wen, S., Yu, S., Xiang, Y., Zhou, W.","Identifying Propagation Sources in Networks: State-of-the-Art and Comparative Studies",2017,"IEEE Communications Surveys and Tutorials","19","1", 7582484,"465","481",,8,10.1109/COMST.2016.2615098,"https://www.scopus.com/inward/record.uri?eid=2-s2.0-85014119108&doi=10.1109%2fCOMST.2016.2615098&partnerID=40&md5=b4bce611fdc46224cdb3479d905e8301",Article,,Scopus,2-s2.0-85014119108
"Smith, L.N., McMenemy, D.","Young people’s conceptions of political information: Insights into information experiences and implications for intervention",2017,"Journal of Documentation","73","5",,"877","902",,1,10.1108/JD-03-2017-0041,"https://www.scopus.com/inward/record.uri?eid=2-s2.0-85031104377&doi=10.1108%2fJD-03-2017-0041&partnerID=40&md5=a1bb9b4ca638e7680162e771c7ad65d1",Article,,Scopus,2-s2.0-85031104377
[No author name available],"9th Asian Conference on Intelligent Information and Database Systems, ACIIDS 2017",2017,"Lecture Notes in Computer Science (including subseries Lecture Notes in Artificial Intelligence and Lecture Notes in Bioinformatics)","10191 LNAI",,,"1","812",,,,"https://www.scopus.com/inward/record.uri?eid=2-s2.0-85017716336&partnerID=40&md5=45502cab59807fa910279cc055031e5a",Conference Review,,Scopus,2-s2.0-85017716336
"Meier, F., Peter, U.","Push is fast on sparse random graphs",2017,"SIAM Journal on Discrete Mathematics","31","1",,"29","49",,,10.1137/140984063,"https://www.scopus.com/inward/record.uri?eid=2-s2.0-85018666480&doi=10.1137%2f140984063&partnerID=40&md5=4a717514a62680041712c8669a828c20",Article,,Scopus,2-s2.0-85018666480
[No author name available],"19th International Conference on Asia-Pacific Digital Libraries, ICADL 2017",2017,"Lecture Notes in Computer Science (including subseries Lecture Notes in Artificial Intelligence and Lecture Notes in Bioinformatics)","10647 LNCS",,,"","",324,,,"https://www.scopus.com/inward/record.uri?eid=2-s2.0-85034063808&partnerID=40&md5=07485f07831be34d8c820c38b639db97",Conference Review,,Scopus,2-s2.0-85034063808
"Septyanto, D., Sudarwan, Dewanto, I.J.","Model behavior of Sharia investment decision on Muslim investor in Indonesia stock exchange (IDX)",2017,"International Journal of Economic Research","14","4",,"353","363",,,,"https://www.scopus.com/inward/record.uri?eid=2-s2.0-85016490173&partnerID=40&md5=14ac2080a7d6e141c9d8aa777b748c4d",Article,,Scopus,2-s2.0-85016490173
"Saldaña-Téllez, M., Montero y López Lena, M.","Perceived barriers by health care professionals to cervical cancer screening in indigenous women of Juchitan, Oaxaca [Barreras percibidas por el personal de salud para la toma de la citología cervical en mujeres zapotecas de Juchitán, Oaxaca]",2017,"Psicooncologia","14","2-3",,"343","364",,,10.5209/PSIC.57090,"https://www.scopus.com/inward/record.uri?eid=2-s2.0-85036556022&doi=10.5209%2fPSIC.57090&partnerID=40&md5=7b409bc219406f900f0847c79278bf26",Article,,Scopus,2-s2.0-85036556022
"Carroll, B., Freeman, B.","Content analysis of comments posted on Australian online news sites reporting a celebrity admitting smoking while pregnant",2016,"Public Health Research and Practice","26","5", e2651660,"","",,,10.17061/phrp2651660,"https://www.scopus.com/inward/record.uri?eid=2-s2.0-85012070640&doi=10.17061%2fphrp2651660&partnerID=40&md5=8ee23ee36c1e6c8da7ed2d7eacfc8b70",Article,,Scopus,2-s2.0-85012070640
"Sumner, P., Vivian-Griffiths, S., Boivin, J., Williams, A., Bott, L., Adams, R., Venetis, C.A., Whelan, L., Hughes, B., Chambers, C.D.","Exaggerations and caveats in press releases and health-related science news",2016,"PLoS ONE","11","12", e0168217,"","",,6,10.1371/journal.pone.0168217,"https://www.scopus.com/inward/record.uri?eid=2-s2.0-85006357095&doi=10.1371%2fjournal.pone.0168217&partnerID=40&md5=13a0b27fb0e39ad3c3a5ae3e1264cd86",Article,Open Access,Scopus,2-s2.0-85006357095
"Dang, A., Smit, M., Moh'D, A., Minghim, R., Milios, E.","Toward understanding how users respond to rumours in social media",2016,"Proceedings of the 2016 IEEE/ACM International Conference on Advances in Social Networks Analysis and Mining, ASONAM 2016",,, 7752326,"777","784",,2,10.1109/ASONAM.2016.7752326,"https://www.scopus.com/inward/record.uri?eid=2-s2.0-85006782973&doi=10.1109%2fASONAM.2016.7752326&partnerID=40&md5=87bd474a3879c01240ba84f68bc40c62",Conference Paper,,Scopus,2-s2.0-85006782973
"Chen, W., Yeo, C.K., Lau, C.T., Lee, B.S.","Behavior deviation: An anomaly detection view of rumor preemption",2016,"7th IEEE Annual Information Technology, Electronics and Mobile Communication Conference, IEEE IEMCON 2016",,, 7746262,"","",,4,10.1109/IEMCON.2016.7746262,"https://www.scopus.com/inward/record.uri?eid=2-s2.0-85005977729&doi=10.1109%2fIEMCON.2016.7746262&partnerID=40&md5=b1f95c35ef94aadc12869b058d512830",Conference Paper,,Scopus,2-s2.0-85005977729
"Bozorgi, A., Haghighi, H., Sadegh Zahedi, M., Rezvani, M.","INCIM: A community-based algorithm for influence maximization problem under the linear threshold model",2016,"Information Processing and Management","52","6",,"1188","1199",,4,10.1016/j.ipm.2016.05.006,"https://www.scopus.com/inward/record.uri?eid=2-s2.0-84969930005&doi=10.1016%2fj.ipm.2016.05.006&partnerID=40&md5=3e09155076b34e369fb58e09d542a4ee",Article,,Scopus,2-s2.0-84969930005
"Popat, K., Mukherjee, S., Strötgen, J., Weikum, G.","Credibility assessment of textual claims on the web",2016,"International Conference on Information and Knowledge Management, Proceedings","24-28-October-2016",,,"2173","2178",,3,10.1145/2983323.2983661,"https://www.scopus.com/inward/record.uri?eid=2-s2.0-84996551455&doi=10.1145%2f2983323.2983661&partnerID=40&md5=a54c86c4a55b6dc245fa2a21b5411a16",Conference Paper,,Scopus,2-s2.0-84996551455
"Liao, H., Wang, Y.","Public opinion network of “haze survey: under the dome” analyzed by SNA",2016,"Wuhan Daxue Xuebao (Xinxi Kexue Ban)/Geomatics and Information Science of Wuhan University","41",,,"45","50",,,,"https://www.scopus.com/inward/record.uri?eid=2-s2.0-84991756955&partnerID=40&md5=4ac0509408f8c82bf19c400146f31331",Article,,Scopus,2-s2.0-84991756955
"Wang, Y., Wu, X., Lü, J.","Topology identification of two-layer unidirectional complex dynamical networks based on auxiliary system approach",2016,"Proceedings of the 28th Chinese Control and Decision Conference, CCDC 2016",,, 7531108,"883","887",,,10.1109/CCDC.2016.7531108,"https://www.scopus.com/inward/record.uri?eid=2-s2.0-84983749013&doi=10.1109%2fCCDC.2016.7531108&partnerID=40&md5=a22d5dd7ad96371cc2d458891d106534",Conference Paper,,Scopus,2-s2.0-84983749013
"Leung, M.R., Chin, J.J., Petrescu-Prahova, M.","Involving immigrant religious organizations in HIV/AIDS prevention: The role of bonding and bridging social capital",2016,"Social Science and Medicine","162",,,"201","209",,1,10.1016/j.socscimed.2016.06.042,"https://www.scopus.com/inward/record.uri?eid=2-s2.0-84977103668&doi=10.1016%2fj.socscimed.2016.06.042&partnerID=40&md5=9755ac177fc0de818a7583b2b8cc01bf",Article,,Scopus,2-s2.0-84977103668
"Xu, W.-W., Shi, P., Yu, L.-B., Hu, C.-J.","An adaptive opinion guiding model for online social networks",2016,"Tien Tzu Hsueh Pao/Acta Electronica Sinica","44","7",,"1714","1720",,,10.3969/j.issn.0372-2112.2016.07.028,"https://www.scopus.com/inward/record.uri?eid=2-s2.0-84979684922&doi=10.3969%2fj.issn.0372-2112.2016.07.028&partnerID=40&md5=df7ed6045764bb92d48cda1394e38fd7",Article,,Scopus,2-s2.0-84979684922
"Zhu, L., Zhao, H., Wang, H.","Complex dynamic behavior of a rumor propagation model with spatialoral diffusion terms",2016,"Information Sciences","349-350",,,"119","136",,7,10.1016/j.ins.2016.02.031,"https://www.scopus.com/inward/record.uri?eid=2-s2.0-84960367457&doi=10.1016%2fj.ins.2016.02.031&partnerID=40&md5=fbeb6b7b024c43cc8c240bbad8f3076c",Article,,Scopus,2-s2.0-84960367457
"Zhao, H., Zhu, L.","Dynamic Analysis of a Reaction-Diffusion Rumor Propagation Model",2016,"International Journal of Bifurcation and Chaos","26","6", 1650101,"","",,5,10.1142/S0218127416501017,"https://www.scopus.com/inward/record.uri?eid=2-s2.0-84976612591&doi=10.1142%2fS0218127416501017&partnerID=40&md5=19e3f9772aed2995a23f816b4d180b78",Article,,Scopus,2-s2.0-84976612591
"Benzi, K., Ricaud, B., Vandergheynst, P.","Principal Patterns on Graphs: Discovering Coherent Structures in Datasets",2016,"IEEE Transactions on Signal and Information Processing over Networks","2","2", 7398168,"160","173",,4,10.1109/TSIPN.2016.2524500,"https://www.scopus.com/inward/record.uri?eid=2-s2.0-85023208732&doi=10.1109%2fTSIPN.2016.2524500&partnerID=40&md5=991242cc1f9106260a83f9f10393afa9",Article,,Scopus,2-s2.0-85023208732
"Serrano, E., Iglesias, C.A.","Validating viral marketing strategies in Twitter via agent-based social simulation",2016,"Expert Systems with Applications","50",,,"140","150",,6,10.1016/j.eswa.2015.12.021,"https://www.scopus.com/inward/record.uri?eid=2-s2.0-84955079156&doi=10.1016%2fj.eswa.2015.12.021&partnerID=40&md5=37423afed98847f5736644a478fc2d76",Article,,Scopus,2-s2.0-84955079156
"Fung, I.C.-H., Fu, K.-W., Chan, C.-H., Chan, B.S.B., Cheung, C.-N., Abraham, T., Tse, Z.T.H.","Social media’s initial reaction to information and misinformation on ebola, august 2014: Facts and rumors",2016,"Public Health Reports","131","3",,"461","473",,6,10.1177/003335491613100312,"https://www.scopus.com/inward/record.uri?eid=2-s2.0-84964787366&doi=10.1177%2f003335491613100312&partnerID=40&md5=aade452c0405478ab43b8ed192f20818",Article,,Scopus,2-s2.0-84964787366
"Zhang, H., Alim, M.A., Li, X., Thai, M.T., Nguyen, H.T.","Misinformation in online social networks: Detect them all with a limited budget",2016,"ACM Transactions on Information Systems","34","3", 18,"","",,7,10.1145/2885494,"https://www.scopus.com/inward/record.uri?eid=2-s2.0-84966292019&doi=10.1145%2f2885494&partnerID=40&md5=9c78c9282465ac529a244ecd8757ee00",Review,,Scopus,2-s2.0-84966292019
"Xie, B.-L., Jiang, S.-Y., Zhou, Y.-M., Xie, Y., Li, X.","Misinformation detection based on gatekeepers' behaviors in microblog",2016,"Jisuanji Xuebao/Chinese Journal of Computers","39","4",,"730","744",,2,10.11897/SP.J.1016.2016.00730,"https://www.scopus.com/inward/record.uri?eid=2-s2.0-84966550830&doi=10.11897%2fSP.J.1016.2016.00730&partnerID=40&md5=a7e3e9853e3148609765795980613ea3",Article,,Scopus,2-s2.0-84966550830
"Andrews, C., Fichet, E., Ding, Y., Spiro, E.S., Starbird, K.","Keeping up with the tweet-dashians: The impact of 'official' accounts on online rumoring",2016,"Proceedings of the ACM Conference on Computer Supported Cooperative Work, CSCW","27",,,"452","465",,12,10.1145/2818048.2819986,"https://www.scopus.com/inward/record.uri?eid=2-s2.0-84963626727&doi=10.1145%2f2818048.2819986&partnerID=40&md5=e8fe9e3591a42aea7382093ffb2d6426",Conference Paper,,Scopus,2-s2.0-84963626727
"Yang, Z., Wang, C., Zhang, F., Zhang, Y., Zhang, H.","Emerging rumor identification for social media with hot topic detection",2016,"Proceedings - 2015 12th Web Information System and Application Conference, WISA 2015",,, 7396607,"53","58",,4,10.1109/WISA.2015.19,"https://www.scopus.com/inward/record.uri?eid=2-s2.0-84964292765&doi=10.1109%2fWISA.2015.19&partnerID=40&md5=f744a90313a5f368c69bdc492ae2c9f4",Conference Paper,,Scopus,2-s2.0-84964292765
"Figueira, A., Sandim, M., Fortuna, P.","An approach to relevancy detection: Contributions to the automatic detection of relevance in social networks",2016,"Advances in Intelligent Systems and Computing","444",,,"89","99",,5,10.1007/978-3-319-31232-3_9,"https://www.scopus.com/inward/record.uri?eid=2-s2.0-84961639828&doi=10.1007%2f978-3-319-31232-3_9&partnerID=40&md5=90024354fd2e483cb42120c50eabb21f",Conference Paper,,Scopus,2-s2.0-84961639828
"Chang, C., Zhang, Y., Szabo, C., Sheng, Q.Z.","Extreme user and political rumor detection on twitter",2016,"Lecture Notes in Computer Science (including subseries Lecture Notes in Artificial Intelligence and Lecture Notes in Bioinformatics)","10086 LNAI",,,"751","763",,1,10.1007/978-3-319-49586-6_54,"https://www.scopus.com/inward/record.uri?eid=2-s2.0-85000741775&doi=10.1007%2f978-3-319-49586-6_54&partnerID=40&md5=38f0079aded2be85b686b7129639ddb7",Conference Paper,,Scopus,2-s2.0-85000741775
"Zhang, L., Qi, Z., Guo, L., Xu, L.","Research on online social network information diffusion detection node selection algorithm based on the random walk model",2016,"Journal of Computational and Theoretical Nanoscience","13","1",,"971","981",,,10.1166/jctn.2016.4901,"https://www.scopus.com/inward/record.uri?eid=2-s2.0-84973470956&doi=10.1166%2fjctn.2016.4901&partnerID=40&md5=d5f2527f4df6c54a31017fc2ff558eb9",Article,,Scopus,2-s2.0-84973470956
"Vosoughi, S., Roy, D.","A semi-automatic method for efficient detection of stories on social media",2016,"Proceedings of the 10th International Conference on Web and Social Media, ICWSM 2016",,,,"707","710",,4,,"https://www.scopus.com/inward/record.uri?eid=2-s2.0-84979500768&partnerID=40&md5=bd01c6d113f2f6a04c9285655190ed82",Conference Paper,,Scopus,2-s2.0-84979500768
"Xie, H., Yan, Y., Hou, Y.C.","Dynamical behavior of rumor in online social networks",2016,"International Journal of Multimedia and Ubiquitous Engineering","11","3",,"125","132",,,10.14257/ijmue.2016.11.3.12,"https://www.scopus.com/inward/record.uri?eid=2-s2.0-84962082566&doi=10.14257%2fijmue.2016.11.3.12&partnerID=40&md5=5a40642706ce84f8e5cdf7860b6e737c",Article,,Scopus,2-s2.0-84962082566
"Henderson, G.L., Braun, M.J., Bazerman, C.","Propaganda and rhetoric in democracy: History, theory, analysis",2016,"Propaganda and Rhetoric in Democracy: History, Theory, Analysis",,,,"1","287",,,,"https://www.scopus.com/inward/record.uri?eid=2-s2.0-85010382798&partnerID=40&md5=a90cc045257c66b1b6dd214ceb23567b",Book,,Scopus,2-s2.0-85010382798
"Coates, H.","Disadvantaged youth in southern Scotland experience greater barriers to information access resulting from poor technology skills, information literacy, and social structures and norms",2016,"Evidence Based Library and Information Practice","11","4",,"75","78",,,,"https://www.scopus.com/inward/record.uri?eid=2-s2.0-85006967196&partnerID=40&md5=9cb141b51b57d2b55e18b5e9c30afbdc",Article,,Scopus,2-s2.0-85006967196
"Eghlidi, N.F., Afshar, A., Ashenagar, B., Hamzeh, A.","A lightweight method to investigate unknown social network structure",2015,"2015 5th International Conference on Computer and Knowledge Engineering, ICCKE 2015",,, 7365838,"262","267",,1,10.1109/ICCKE.2015.7365838,"https://www.scopus.com/inward/record.uri?eid=2-s2.0-84964515064&doi=10.1109%2fICCKE.2015.7365838&partnerID=40&md5=428ce233bb42dc52c91eb8264eefc550",Conference Paper,,Scopus,2-s2.0-84964515064
"Wang, S., Terano, T.","Detecting rumor patterns in streaming social media",2015,"Proceedings - 2015 IEEE International Conference on Big Data, IEEE Big Data 2015",,, 7364071,"2709","2715",,5,10.1109/BigData.2015.7364071,"https://www.scopus.com/inward/record.uri?eid=2-s2.0-84963761842&doi=10.1109%2fBigData.2015.7364071&partnerID=40&md5=687f3d17391747967dda2a8dd91e06d0",Conference Paper,,Scopus,2-s2.0-84963761842
"Thejaswi, M., Vijayaraghavan, S., Das, A., Thilagam, P.S.","Dynamics of multi-campaign propagation in online social networks",2015,"Proceedings of the 2015 IEEE International Conference on Data Science and Advanced Analytics, DSAA 2015",,, 7344844,"","",,,10.1109/DSAA.2015.7344844,"https://www.scopus.com/inward/record.uri?eid=2-s2.0-84962920747&doi=10.1109%2fDSAA.2015.7344844&partnerID=40&md5=5c989369b6d6a7a427c843adf91aacb6",Conference Paper,,Scopus,2-s2.0-84962920747
"Chen, Y., Conroy, N.J., Rubin, V.L.","Misleading online content: Recognizing clickbait as ""false news""",2015,"WMDD 2015 - Proceedings of the ACM Workshop on Multimodal Deception Detection, co-located with ICMI 2015",,,,"15","19",,11,10.1145/2823465.2823467,"https://www.scopus.com/inward/record.uri?eid=2-s2.0-84960932098&doi=10.1145%2f2823465.2823467&partnerID=40&md5=e657a6263e6cf4405dac92a50d152c7c",Conference Paper,,Scopus,2-s2.0-84960932098
"Tang, Z., Zhang, L., Xu, F., Vo, H.","Examining the role of social media in California’s drought risk management in 2014",2015,"Natural Hazards","79","1",,"171","193",,11,10.1007/s11069-015-1835-2,"https://www.scopus.com/inward/record.uri?eid=2-s2.0-84941417460&doi=10.1007%2fs11069-015-1835-2&partnerID=40&md5=57858c124cb5ef288b020fa204f70aaa",Article,,Scopus,2-s2.0-84941417460
"Zhou, D.H., Han, W.B., Wang, Y.J., Yuan, B.D.","Information diffusion network inferring and pathway tracking",2015,"Science China Information Sciences","58","9",,"","",15,4,10.1007/s11432-015-5288-8,"https://www.scopus.com/inward/record.uri?eid=2-s2.0-84939268543&doi=10.1007%2fs11432-015-5288-8&partnerID=40&md5=7fe2836ae4b6c60cd68a2662ba67fd9d",Article,,Scopus,2-s2.0-84939268543
[No author name available],"2015 International Conference on Cyber Security of Smart Cities, Industrial Control System and Communications, SSIC 2015 - Proceedings",2015,"2015 International Conference on Cyber Security of Smart Cities, Industrial Control System and Communications, SSIC 2015 - Proceedings",,,,"","",146,,,"https://www.scopus.com/inward/record.uri?eid=2-s2.0-84957922233&partnerID=40&md5=dfae81e0e040cb2685700d9e123e2671",Conference Review,,Scopus,2-s2.0-84957922233
"Zang, W., Zhang, P., Zhou, C., Guo, L.","Locating multiple sources in social networks under the SIR model: A divide-and-conquer approach",2015,"Journal of Computational Science","10",,,"278","287",,9,10.1016/j.jocs.2015.05.002,"https://www.scopus.com/inward/record.uri?eid=2-s2.0-84941279529&doi=10.1016%2fj.jocs.2015.05.002&partnerID=40&md5=49a696403c9dc100315a07ac37faaca9",Article,,Scopus,2-s2.0-84941279529
"Seltzer, E.K., Jean, N.S., Kramer-Golinkoff, E., Asch, D.A., Merchant, R.M.","The content of social media's shared images about Ebola: A retrospective study",2015,"Public Health","129","9", 2381,"1273","1277",,16,10.1016/j.puhe.2015.07.025,"https://www.scopus.com/inward/record.uri?eid=2-s2.0-84941879620&doi=10.1016%2fj.puhe.2015.07.025&partnerID=40&md5=d33411204caf41eab10169b52a78dbde",Article,,Scopus,2-s2.0-84941879620
"Thejaswi, M., Vijayaraghavan, S., Das, A., Thilagam, P.S.","Dynamics of multi-campaign propagation in online social networks",2015,"Proceedings of the 2015 IEEE/ACM International Conference on Advances in Social Networks Analysis and Mining, ASONAM 2015",,,,"1571","1572",,,10.1145/2808797.2809338,"https://www.scopus.com/inward/record.uri?eid=2-s2.0-84962543001&doi=10.1145%2f2808797.2809338&partnerID=40&md5=92274f1af9327efdaec00a5d49722389",Conference Paper,,Scopus,2-s2.0-84962543001
"Lee, Z.Q., Hsu, W.-J.","Minimizing seed selection for disseminating news with probabilistic coverage guarantee",2015,"ACM International Conference Proceeding Series","03-05-August-2015",,,"","",,,10.1145/2781562.2781564,"https://www.scopus.com/inward/record.uri?eid=2-s2.0-84957825121&doi=10.1145%2f2781562.2781564&partnerID=40&md5=8f28f18c21bf22be0161e7da6cc5c19d",Conference Paper,,Scopus,2-s2.0-84957825121
"Lei, Y., Pereira, J.A., Quach, S., Bettinger, J.A., Kwong, J.C., Corace, K., Garber, G., Feinberg, Y., Guay, M., Buckeridge, D., Crowcroft, N., Deeks, S., Finkelstein, M., Hamid, J., McGeer, A., Quan, S., Russell, M.","Examining perceptions about mandatory influenza vaccination of healthcare workers through online comments on news stories",2015,"PLoS ONE","10","6", e0129993,"","",,3,10.1371/journal.pone.0129993,"https://www.scopus.com/inward/record.uri?eid=2-s2.0-84938884249&doi=10.1371%2fjournal.pone.0129993&partnerID=40&md5=24b592f9e51b5b5c56480c8780473309",Article,Open Access,Scopus,2-s2.0-84938884249
"Bortolussi, L., Sanguinetti, G.","Learning and designing stochastic processes from logical constraints",2015,"Logical Methods in Computer Science","11","2", 3,"","",24,1,10.2168/LMCS-11(2:3)2015,"https://www.scopus.com/inward/record.uri?eid=2-s2.0-84938367103&doi=10.2168%2fLMCS-11%282%3a3%292015&partnerID=40&md5=24b6e502ea3fda1229ad3f773a583bbb",Article,,Scopus,2-s2.0-84938367103
"Serrano, E., Iglesias, C.A., Garijo, M.","A novel agent-based rumor spreading model in twitter",2015,"WWW 2015 Companion - Proceedings of the 24th International Conference on World Wide Web",,,,"811","814",,4,10.1145/2740908.2742466,"https://www.scopus.com/inward/record.uri?eid=2-s2.0-84968543819&doi=10.1145%2f2740908.2742466&partnerID=40&md5=be3bbdf17d43d421f10f9f79d70bd2fb",Conference Paper,,Scopus,2-s2.0-84968543819
"Zhou, X., Cao, J., Jin, Z., Xie, F., Su, Y., Zhang, J., Chu, D., Cao, X.","Real-time news certification system on sina weibo",2015,"WWW 2015 Companion - Proceedings of the 24th International Conference on World Wide Web",,,,"983","988",,4,10.1145/2740908.2742571,"https://www.scopus.com/inward/record.uri?eid=2-s2.0-84968531346&doi=10.1145%2f2740908.2742571&partnerID=40&md5=7143a7dd23d4aff0276c93b8340dabf2",Conference Paper,,Scopus,2-s2.0-84968531346
"Issah, K., Nartey, K., Amoah, R., Bachan, E.G., Aleeba, J., Yeetey, E., Letsa, T.","Assessment of the usefulness of integrated disease surveillance and response on suspected ebola cases in the Brong Ahafo Region, Ghana",2015,"Infectious Diseases of Poverty","4","1", 17,"","",,3,10.1186/s40249-015-0051-3,"https://www.scopus.com/inward/record.uri?eid=2-s2.0-84930190291&doi=10.1186%2fs40249-015-0051-3&partnerID=40&md5=74e928efcc0e0581b124393717388b53",Article,,Scopus,2-s2.0-84930190291
"Chen, B., Zhang, J.M., Jiang, Z., Shao, J., Jiang, T., Wang, Z., Liu, K., Tang, S., Gu, H., Jiang, J.","Media and public reactions toward vaccination during the 'hepatitis B vaccine crisis' in China",2015,"Vaccine","33","15",,"1780","1785",,8,10.1016/j.vaccine.2015.02.046,"https://www.scopus.com/inward/record.uri?eid=2-s2.0-84925259009&doi=10.1016%2fj.vaccine.2015.02.046&partnerID=40&md5=b728206883af6cf24e22145e96d44ead",Article,,Scopus,2-s2.0-84925259009
"Fox, W.P., Everton, S.F.","Using data envelopment analysis and the analytical hierarchy process to find node influences in a social network",2015,"Journal of Defense Modeling and Simulation","12","2",,"157","165",,,10.1177/1548512913518273,"https://www.scopus.com/inward/record.uri?eid=2-s2.0-84955269120&doi=10.1177%2f1548512913518273&partnerID=40&md5=b3ea82a13ee7ae5a16ea1b120590948e",Article,,Scopus,2-s2.0-84955269120
"Wang, Y., Vasilakos, A.V., Ma, J., Xiong, N.","On studying the impact of uncertainty on behavior diffusion in social networks",2015,"IEEE Transactions on Systems, Man, and Cybernetics: Systems","45","2", 6918482,"185","197",,15,10.1109/TSMC.2014.2359857,"https://www.scopus.com/inward/record.uri?eid=2-s2.0-84921409419&doi=10.1109%2fTSMC.2014.2359857&partnerID=40&md5=c9851db7f6aa16b10dd965d73b65188a",Article,,Scopus,2-s2.0-84921409419
"Conroy, N.J., Rubin, V.L., Chen, Y.","Automatic deception detection: Methods for finding fake news",2015,"Proceedings of the Association for Information Science and Technology","52","1",,"1","4",,20,10.1002/pra2.2015.145052010082,"https://www.scopus.com/inward/record.uri?eid=2-s2.0-84987722728&doi=10.1002%2fpra2.2015.145052010082&partnerID=40&md5=8c48a5390a854e63f2e380d1c5793223",Article,,Scopus,2-s2.0-84987722728
"Lo, W.-L., Chiu, M.-H.P.","A content analysis of internet health rumors",2015,"Journal of Educational Media and Library Science","52","1",,"3","31",,1,10.6120/JoEMLS.2015.521/0647.RS.BM,"https://www.scopus.com/inward/record.uri?eid=2-s2.0-84929073568&doi=10.6120%2fJoEMLS.2015.521%2f0647.RS.BM&partnerID=40&md5=4cf2492cef6b60ae1d344fc2cedad584",Article,,Scopus,2-s2.0-84929073568
"Jin, Z., Cao, J., Jiang, Y.-G., Zhang, Y.","News Credibility Evaluation on Microblog with a Hierarchical Propagation Model",2015,"Proceedings - IEEE International Conference on Data Mining, ICDM","2015-January","January", 7023340,"230","239",,17,10.1109/ICDM.2014.91,"https://www.scopus.com/inward/record.uri?eid=2-s2.0-84936948698&doi=10.1109%2fICDM.2014.91&partnerID=40&md5=7fca3f1de46b546f574383d6e5c00bd6",Conference Paper,,Scopus,2-s2.0-84936948698
"Zhang, Q., Zhang, S., Dong, J., Xiong, J., Cheng, X.","Automatic detection of rumor on social network",2015,"Lecture Notes in Computer Science (including subseries Lecture Notes in Artificial Intelligence and Lecture Notes in Bioinformatics)","9362",,,"113","122",,7,10.1007/978-3-319-25207-0_10,"https://www.scopus.com/inward/record.uri?eid=2-s2.0-84951280656&doi=10.1007%2f978-3-319-25207-0_10&partnerID=40&md5=5be2fc8d3d46670d24b3ea892de30085",Conference Paper,,Scopus,2-s2.0-84951280656
"Chen, K., Chen, L., Zhu, P.-D., Xiong, Y.-S.","Interaction based on method for spam detection in online social networks",2015,"Tongxin Xuebao/Journal on Communications","36","7", 2015156,"","",9,2,10.11959/j.issn.1000-436x.2015156,"https://www.scopus.com/inward/record.uri?eid=2-s2.0-84939436306&doi=10.11959%2fj.issn.1000-436x.2015156&partnerID=40&md5=148680cce2382809dd0953603d016f39",Article,,Scopus,2-s2.0-84939436306
[No author name available],"4th International Conference on Computational Social Networks, CSoNet 2015",2015,"Lecture Notes in Computer Science (including subseries Lecture Notes in Artificial Intelligence and Lecture Notes in Bioinformatics)","9197",,,"1","307",,,,"https://www.scopus.com/inward/record.uri?eid=2-s2.0-84947249860&partnerID=40&md5=8f6f2d21e9a9b5ea51740df9541d7fe5",Conference Review,,Scopus,2-s2.0-84947249860
"Kim, Y., Choi, Y., Won, D.","Improved remote user trust evaluation scheme to apply to social network services",2015,"Lecture Notes in Electrical Engineering","339",,,"459","466",,,10.1007/978-3-662-46578-3_54,"https://www.scopus.com/inward/record.uri?eid=2-s2.0-84923206994&doi=10.1007%2f978-3-662-46578-3_54&partnerID=40&md5=3f4350c388b9e04c0ef38267b791da28",Article,,Scopus,2-s2.0-84923206994
"Adebimpe, W.O., Adeyemi, D.H., Faremi, A., Ojo, J.O., Efuntoye, A.E.","The relevance of the social networking media in Ebola virus disease prevention and control in Southwestern Nigeria",2015,"The Pan African medical journal","22",,,"7","",,,10.11694/pamj.supp.2015.22.1.6165,"https://www.scopus.com/inward/record.uri?eid=2-s2.0-85020323494&doi=10.11694%2fpamj.supp.2015.22.1.6165&partnerID=40&md5=ef086e3b2498851933ae13869f712000",Article,,Scopus,2-s2.0-85020323494
"Chen, S., Fan, J., Li, G., Feng, J., Tan, K.-L., Tang, J.","Online topic-aware influence maximization",2015,"Proceedings of the VLDB Endowment","8","6",,"666","677",,46,10.14778/2735703.2735706,"https://www.scopus.com/inward/record.uri?eid=2-s2.0-85013635918&doi=10.14778%2f2735703.2735706&partnerID=40&md5=d263e10b8cb445cb20c78bc93c10540f",Conference Paper,,Scopus,2-s2.0-85013635918
"Alowibdi, J.S., Buy, U.A., Yu, P.S., Ghani, S., Mokbel, M.","Deception detection in Twitter",2015,"Social Network Analysis and Mining","5","1", 32,"1","16",,4,10.1007/s13278-015-0273-1,"https://www.scopus.com/inward/record.uri?eid=2-s2.0-84947287167&doi=10.1007%2fs13278-015-0273-1&partnerID=40&md5=fb9b74f7fcb4fbdeeee8d39253c53df8",Article,,Scopus,2-s2.0-84947287167
[No author name available],"4th International Conference on Natural Language Processing and Chinese Computing, NLPCC 2015",2015,"Lecture Notes in Computer Science (including subseries Lecture Notes in Artificial Intelligence and Lecture Notes in Bioinformatics)","9362",,,"1","606",,,,"https://www.scopus.com/inward/record.uri?eid=2-s2.0-84951291852&partnerID=40&md5=4d019245537e1cff936d7237e7c23af9",Conference Review,,Scopus,2-s2.0-84951291852
"Abedin, B., Babar, A., Abbasi, A.","Characterization of the use of social media in natural disasters: A systematic review",2015,"Proceedings - 4th IEEE International Conference on Big Data and Cloud Computing, BDCloud 2014 with the 7th IEEE International Conference on Social Computing and Networking, SocialCom 2014 and the 4th International Conference on Sustainable Computing and Communications, SustainCom 2014",,, 7034828,"449","454",,7,10.1109/BDCloud.2014.17,"https://www.scopus.com/inward/record.uri?eid=2-s2.0-84924363124&doi=10.1109%2fBDCloud.2014.17&partnerID=40&md5=c401ce38c20b81cccd64bc26c3b4feea",Conference Paper,,Scopus,2-s2.0-84924363124
"Archer, D., Lansley, C.","Public appeals, news interviews and crocodile tears: An argument for multi-channel analysis",2015,"Corpora","10","2",,"231","258",,3,10.3366/cor.2015.0075,"https://www.scopus.com/inward/record.uri?eid=2-s2.0-84941789136&doi=10.3366%2fcor.2015.0075&partnerID=40&md5=cd8659bb04f756e929189a5a8e739ec6",Review,,Scopus,2-s2.0-84941789136
"Ferro, A., Odone, A., Siddu, A., Colucci, M., Anello, P., Longone, M., Marcon, E., Castiglia, P., Bonanni, P., Signorelli, C.","Monitoring the web to support vaccine coverage: Results of two years of the portal VaccinarSì",2015,"Epidemiologia e Prevenzione","39","4",,"88","93",,17,,"https://www.scopus.com/inward/record.uri?eid=2-s2.0-84942287308&partnerID=40&md5=7fb1f685d2486774f10746cd5f8585a5",Article,,Scopus,2-s2.0-84942287308
"Dunn, A.G., Leask, J., Zhou, X., Mandl, K.D., Coiera, E.","Associations between exposure to and expression of negative opinions about human papillomavirus vaccines on social media: An observational study",2015,"Journal of Medical Internet Research","17","6",,"e144","",,30,10.2196/jmir.4343,"https://www.scopus.com/inward/record.uri?eid=2-s2.0-84936755035&doi=10.2196%2fjmir.4343&partnerID=40&md5=b47f7fac006214cc505fc16877322b05",Article,,Scopus,2-s2.0-84936755035
"Obilade, T.T.","Ebola virus disease stigmatization; The role of societal attributes",2015,"International Archives of Medicine","8","1", A3,"","",,7,10.3823/1613,"https://www.scopus.com/inward/record.uri?eid=2-s2.0-84929472170&doi=10.3823%2f1613&partnerID=40&md5=d525291fab6026bd2aeb8a62310c4f7c",Review,,Scopus,2-s2.0-84929472170
"Wen, S., Jiang, J., Xiang, Y., Yu, S., Zhou, W., Jia, W.","To shut them up or to clarify: Restraining the spread of rumors in online social networks",2014,"IEEE Transactions on Parallel and Distributed Systems","25","12", 6714492,"3306","3316",,19,10.1109/TPDS.2013.2297115,"https://www.scopus.com/inward/record.uri?eid=2-s2.0-84910602883&doi=10.1109%2fTPDS.2013.2297115&partnerID=40&md5=409c40c7963e315e39c6a1e1d27ed65d",Article,,Scopus,2-s2.0-84910602883
"Alowibdi, J.S., Buy, U.A., Yu, P.S., Stenneth, L.","Detecting deception in Online Social Networks",2014,"ASONAM 2014 - Proceedings of the 2014 IEEE/ACM International Conference on Advances in Social Networks Analysis and Mining",,, 6921614,"383","390",,8,10.1109/ASONAM.2014.6921614,"https://www.scopus.com/inward/record.uri?eid=2-s2.0-84911166843&doi=10.1109%2fASONAM.2014.6921614&partnerID=40&md5=c42572b780046edb8878b6a71cb0f3dd",Conference Paper,,Scopus,2-s2.0-84911166843
"Fu, X., Small, M., Chen, G.","Propagation Dynamics on Complex Networks: Models, Methods and Stability Analysis",2014,"Propagation Dynamics on Complex Networks: Models, Methods and Stability Analysis",,,,"1","314",,37,10.1002/9781118762783,"https://www.scopus.com/inward/record.uri?eid=2-s2.0-84907860880&doi=10.1002%2f9781118762783&partnerID=40&md5=e9f0d5cbc4c88281223598924ffe6fe1",Book,,Scopus,2-s2.0-84907860880
"Cai, G., Wu, H., Lv, R.","Rumors detection in Chinese via crowd responses",2014,"ASONAM 2014 - Proceedings of the 2014 IEEE/ACM International Conference on Advances in Social Networks Analysis and Mining",,, 6921694,"912","917",,12,10.1109/ASONAM.2014.6921694,"https://www.scopus.com/inward/record.uri?eid=2-s2.0-84911164290&doi=10.1109%2fASONAM.2014.6921694&partnerID=40&md5=363fc2793116b9270ff0ea100e22ea85",Conference Paper,,Scopus,2-s2.0-84911164290
"Wang, K.Y., Chen, C.K., Wei, H.C.","Media coverage and stock return: An impulse response analysis",2014,"Proceedings - 2014 8th International Conference on Innovative Mobile and Internet Services in Ubiquitous Computing, IMIS 2014",,, 6975527,"570","574",,,10.1109/IMIS.2014.83,"https://www.scopus.com/inward/record.uri?eid=2-s2.0-84938684660&doi=10.1109%2fIMIS.2014.83&partnerID=40&md5=b873c40facf3ad6f8039781f93a0d00d",Conference Paper,,Scopus,2-s2.0-84938684660
"Kuhlman, C.J., Anil Kumar, V.S., Marathe, M.V., Ravi, S.S., Rosenkrantz, D.J.","Inhibiting diffusion of complex contagions in social networks: theoretical and experimental results",2014,"Data Mining and Knowledge Discovery","29","2",,"423","465",,5,10.1007/s10618-014-0351-4,"https://www.scopus.com/inward/record.uri?eid=2-s2.0-84923214207&doi=10.1007%2fs10618-014-0351-4&partnerID=40&md5=681b54efce0b11dbcd2cc41a3de25029",Article,,Scopus,2-s2.0-84923214207
"Zang, W., Zhang, P., Zhou, C., Guo, L.","Discovering multiple diffusion source nodes in social networks",2014,"Procedia Computer Science","29",,,"443","452",,13,10.1016/j.procs.2014.05.040,"https://www.scopus.com/inward/record.uri?eid=2-s2.0-84902778846&doi=10.1016%2fj.procs.2014.05.040&partnerID=40&md5=914777c9e5eab17e8510c8159849cafd",Conference Paper,Open Access,Scopus,2-s2.0-84902778846
"Franke, U., Rosell, M.","Prospects for detecting deception on twitter",2014,"Proceedings - 2014 International Conference on Future Internet of Things and Cloud, FiCloud 2014",,, 6984248,"528","533",,,10.1109/FiCloud.2014.92,"https://www.scopus.com/inward/record.uri?eid=2-s2.0-84922582007&doi=10.1109%2fFiCloud.2014.92&partnerID=40&md5=57da6da5a89b4a8bc1a927f45a332c29",Conference Paper,,Scopus,2-s2.0-84922582007
"Liu, J., Niu, K., He, Z., Lin, J.","Analysis of Rumor Spreading in Communities Based on Modified SIR Model in Microblog",2014,"Lecture Notes in Computer Science (including subseries Lecture Notes in Artificial Intelligence and Lecture Notes in Bioinformatics)","8722",,,"69","79",,3,,"https://www.scopus.com/inward/record.uri?eid=2-s2.0-84921730519&partnerID=40&md5=db993ee1f67df688c8a484a366373176",Article,,Scopus,2-s2.0-84921730519
"Jung, J.J.","Measuring trustworthiness of information diffusion by risk discovery process in social networking services",2014,"Quality and Quantity","48","3",,"1325","1336",,9,10.1007/s11135-013-9837-1,"https://www.scopus.com/inward/record.uri?eid=2-s2.0-84897407746&doi=10.1007%2fs11135-013-9837-1&partnerID=40&md5=5650e0058010b269122a789d23bea856",Article,,Scopus,2-s2.0-84897407746
"Kumar, S., Spezzano, F., Subrahmanian, V.S.","Accurately detecting trolls in Slashdot Zoo via decluttering",2014,"ASONAM 2014 - Proceedings of the 2014 IEEE/ACM International Conference on Advances in Social Networks Analysis and Mining",,, 6921581,"188","195",,10,10.1109/ASONAM.2014.6921581,"https://www.scopus.com/inward/record.uri?eid=2-s2.0-84911025133&doi=10.1109%2fASONAM.2014.6921581&partnerID=40&md5=b36809e0bf99a0874de72a8e49794d1c",Conference Paper,,Scopus,2-s2.0-84911025133
"Yucel, C., Koltuksuz, A.","An annotated bibliographical survey on cyber intelligence for cyber intelligence officers",2014,"European Conference on Information Warfare and Security, ECCWS","2014-January",,,"213","220",,1,,"https://www.scopus.com/inward/record.uri?eid=2-s2.0-84991228605&partnerID=40&md5=dc71478bf2e347c23c9419c717b2d658",Conference Paper,,Scopus,2-s2.0-84991228605
"Anderson, N., Steinauer, J., Valente, T., Koblentz, J., Dehlendorf, C.","Women's social communication About IUDs: A qualitative analysis",2014,"Perspectives on Sexual and Reproductive Health","46","3",,"141","148",,14,10.1363/46e1814,"https://www.scopus.com/inward/record.uri?eid=2-s2.0-84909578452&doi=10.1363%2f46e1814&partnerID=40&md5=7805e279c1cdec0f71f5823180b13e31",Article,,Scopus,2-s2.0-84909578452
"Rissanen, O., Pitkänen, P., Juvonen, A., Kuhn, G., Hakkarainen, K.","Expertise among professional magicians: An interview study",2014,"Frontiers in Psychology","5","DEC", 1484,"","",,6,10.3389/fpsyg.2014.01484,"https://www.scopus.com/inward/record.uri?eid=2-s2.0-84923359953&doi=10.3389%2ffpsyg.2014.01484&partnerID=40&md5=d9d9bea1839e1b71bf5dc8e7f90277e6",Article,,Scopus,2-s2.0-84923359953
"Li, B., Sun, D., Lin, Z., Ou, C.","Agent-based simulation research on group emotion evolution of public emergency",2014,"ASONAM 2014 - Proceedings of the 2014 IEEE/ACM International Conference on Advances in Social Networks Analysis and Mining",,, 6921632,"497","502",,1,10.1109/ASONAM.2014.6921632,"https://www.scopus.com/inward/record.uri?eid=2-s2.0-84911135133&doi=10.1109%2fASONAM.2014.6921632&partnerID=40&md5=e2a63e1ed810e058a6d823cf370682e8",Conference Paper,,Scopus,2-s2.0-84911135133
[No author name available],"16th International Conference on Artificial Intelligence: Methodology, Systems, and Applications, AIMSA 2014",2014,"Lecture Notes in Computer Science (including subseries Lecture Notes in Artificial Intelligence and Lecture Notes in Bioinformatics)","8722 LNAI",,,"1","300",,,,"https://www.scopus.com/inward/record.uri?eid=2-s2.0-85030222531&partnerID=40&md5=07022d24016cd26f2e9b62a2ce025a75",Conference Review,,Scopus,2-s2.0-85030222531
[No author name available],"International Symposium on Signal Processing and Intelligent Recognition Systems, SIRS-2014",2014,"Advances in Intelligent Systems and Computing","264",,,"","",,,,"https://www.scopus.com/inward/record.uri?eid=2-s2.0-84940254550&partnerID=40&md5=35affbeecb2f529cb63baa14b1f7d793",Conference Review,,Scopus,2-s2.0-84940254550
"Anderson, J.T., Sullivan, T.B., Ahn, U.M., Ahn, N.U.","Analysis of internet information on the controversial X-stop device",2014,"Spine Journal","14","10",,"2412","2419",,6,10.1016/j.spinee.2014.01.056,"https://www.scopus.com/inward/record.uri?eid=2-s2.0-84908156055&doi=10.1016%2fj.spinee.2014.01.056&partnerID=40&md5=10c7bb5ff212a2f2e092c3714f6b6835",Article,,Scopus,2-s2.0-84908156055
[No author name available],"Proceedings - 15th International Conference on Information Integration and Web-Based Applications and Services, iiWAS 2013",2013,"ACM International Conference Proceeding Series",,,,"","",728,,,"https://www.scopus.com/inward/record.uri?eid=2-s2.0-84895179956&partnerID=40&md5=6e3d026de81f6be832d534c9d13939e3",Conference Review,,Scopus,2-s2.0-84895179956
"Maniere, M.","Stock market manipulation using cyberattacks together with misinformation disseminated through social media",2013,"Proceedings - SocialCom/PASSAT/BigData/EconCom/BioMedCom 2013",,, 6693446,"950","954",,1,10.1109/SocialCom.2013.149,"https://www.scopus.com/inward/record.uri?eid=2-s2.0-84893584326&doi=10.1109%2fSocialCom.2013.149&partnerID=40&md5=76fdcd74be40c0ce60afb520f48454f0",Conference Paper,,Scopus,2-s2.0-84893584326
"Xi, C., Khan, U.A.","Source localization in complex networks using a frequency-domain approach",2013,"2013 IEEE Global Conference on Signal and Information Processing, GlobalSIP 2013 - Proceedings",,, 6737036,"895","898",,,10.1109/GlobalSIP.2013.6737036,"https://www.scopus.com/inward/record.uri?eid=2-s2.0-84897716595&doi=10.1109%2fGlobalSIP.2013.6737036&partnerID=40&md5=9dcb54dd8fc158b0eaf9997dbf2d2209",Conference Paper,,Scopus,2-s2.0-84897716595
[No author name available],"19th Americas Conference on Information Systems, AMCIS 2013, Volume 1",2013,"19th Americas Conference on Information Systems, AMCIS 2013 - Hyperconnected World: Anything, Anywhere, Anytime","1",,,"","",,,,"https://www.scopus.com/inward/record.uri?eid=2-s2.0-84893310391&partnerID=40&md5=a98a9e12673b39203c164ec2891e702d",Conference Review,,Scopus,2-s2.0-84893310391
[No author name available],"19th Americas Conference on Information Systems, AMCIS 2013, Volume 3",2013,"19th Americas Conference on Information Systems, AMCIS 2013 - Hyperconnected World: Anything, Anywhere, Anytime","3",,,"","",,,,"https://www.scopus.com/inward/record.uri?eid=2-s2.0-84893266266&partnerID=40&md5=04b0b1f7466ae58a890af329467d173d",Conference Review,,Scopus,2-s2.0-84893266266
[No author name available],"19th Americas Conference on Information Systems, AMCIS 2013, Volume 5",2013,"19th Americas Conference on Information Systems, AMCIS 2013 - Hyperconnected World: Anything, Anywhere, Anytime","5",,,"","",,,,"https://www.scopus.com/inward/record.uri?eid=2-s2.0-84893245615&partnerID=40&md5=99415ab5953ff896c0f78ffeabf8ab0e",Conference Review,,Scopus,2-s2.0-84893245615
[No author name available],"19th Americas Conference on Information Systems, AMCIS 2013, Volume 4",2013,"19th Americas Conference on Information Systems, AMCIS 2013 - Hyperconnected World: Anything, Anywhere, Anytime","4",,,"","",,,,"https://www.scopus.com/inward/record.uri?eid=2-s2.0-84893338347&partnerID=40&md5=6cf03ce4784dfe47694f6fa615443ee7",Conference Review,,Scopus,2-s2.0-84893338347
[No author name available],"19th Americas Conference on Information Systems, AMCIS 2013, Volume 2",2013,"19th Americas Conference on Information Systems, AMCIS 2013 - Hyperconnected World: Anything, Anywhere, Anytime","2",,,"","",,,,"https://www.scopus.com/inward/record.uri?eid=2-s2.0-84893249475&partnerID=40&md5=8d5780c55eba0be24f52d36cd97e76e3",Conference Review,,Scopus,2-s2.0-84893249475
"Chen, D.-B., Gao, H., Lü, L., Zhou, T.","Identifying influential nodes in large-scale directed networks: The role of clustering",2013,"PLoS ONE","8","10", 0077455,"","",,61,10.1371/journal.pone.0077455,"https://www.scopus.com/inward/record.uri?eid=2-s2.0-84896285267&doi=10.1371%2fjournal.pone.0077455&partnerID=40&md5=be94551dd6b7f1bd5fd96ad2f9093788",Article,Open Access,Scopus,2-s2.0-84896285267
"Li, L., Zhou, J., Li, D., Cao, J., Zhang, X.","Gossip consensus algorithm based on time-varying influence factors and weakly connected graph for opinion evolution in social networks",2013,"Abstract and Applied Analysis","2013",, 940809,"","",,,10.1155/2013/940809,"https://www.scopus.com/inward/record.uri?eid=2-s2.0-84886517027&doi=10.1155%2f2013%2f940809&partnerID=40&md5=f0a55cfca25206e23f9a8ce5c80ef44a",Review,Open Access,Scopus,2-s2.0-84886517027
"Veinot, T.C., Campbell, T.R., Kruger, D.J., Grodzinski, A.","A question of trust: User-centered design requirements for an informatics intervention to promote the sexual health of African-American youth",2013,"Journal of the American Medical Informatics Association","20","4",,"758","765",,13,10.1136/amiajnl-2012-001361,"https://www.scopus.com/inward/record.uri?eid=2-s2.0-84882941855&doi=10.1136%2famiajnl-2012-001361&partnerID=40&md5=096be917461226daf95ead7b152037b6",Article,,Scopus,2-s2.0-84882941855
"Nassersharif, N.","Social network modeling using the DAWN (Dynamic Adjustable Weighted Network) algorithm",2013,"Simulation Series","45","11",,"344","347",,,,"https://www.scopus.com/inward/record.uri?eid=2-s2.0-84880658212&partnerID=40&md5=99f5e498a12dc75c3e08814fd752b1ee",Conference Paper,,Scopus,2-s2.0-84880658212
"Nguyen, N.P., Yan, G., Thai, M.T.","Analysis of misinformation containment in online social networks",2013,"Computer Networks","57","10",,"2133","2146",,19,10.1016/j.comnet.2013.04.002,"https://www.scopus.com/inward/record.uri?eid=2-s2.0-84879245857&doi=10.1016%2fj.comnet.2013.04.002&partnerID=40&md5=22e2c474b67dae9972f2badd0f800642",Article,,Scopus,2-s2.0-84879245857
"Abbasi, M.-A., Liu, H.","Measuring user credibility in social media",2013,"Lecture Notes in Computer Science (including subseries Lecture Notes in Artificial Intelligence and Lecture Notes in Bioinformatics)","7812 LNCS",,,"441","448",,17,10.1007/978-3-642-37210-0_48,"https://www.scopus.com/inward/record.uri?eid=2-s2.0-84874813795&doi=10.1007%2f978-3-642-37210-0_48&partnerID=40&md5=dc6633522817ee9460abc0a623ca552b",Conference Paper,,Scopus,2-s2.0-84874813795
"Tripathy, R.M., Bagchi, A., Mehta, S.","Towards combating rumors in social networks: Models and metrics",2013,"Intelligent Data Analysis","17","1",,"149","175",,12,10.3233/IDA-120571,"https://www.scopus.com/inward/record.uri?eid=2-s2.0-84874349125&doi=10.3233%2fIDA-120571&partnerID=40&md5=22d9f10dc11a6facfb034f7a57697b84",Article,,Scopus,2-s2.0-84874349125
[No author name available],"Proceedings of the 7th Workshop on Social Network Mining and Analysis, SNA-KDD 2013",2013,"Proceedings of the 7th Workshop on Social Network Mining and Analysis, SNA-KDD 2013",,,,"","",114,,,"https://www.scopus.com/inward/record.uri?eid=2-s2.0-84897368835&partnerID=40&md5=cd60fe2680eb9f1b2172082672b5d7fa",Conference Review,,Scopus,2-s2.0-84897368835
"Wang, S., Zhao, X., Chen, Y., Li, Z., Zhang, K., Xia, J.","Negative influence minimizing by blocking nodes in social networks",2013,"AAAI Workshop - Technical Report","WS-13-17",,,"134","136",,7,,"https://www.scopus.com/inward/record.uri?eid=2-s2.0-84898849716&partnerID=40&md5=11a8e826de6dc007033fe8d48d57e8c4",Conference Paper,,Scopus,2-s2.0-84898849716
"Hajibagheri, A., Hamzeh, A., Sukthankar, G.","Modeling information diffusion and community membership using stochastic optimization",2013,"Proceedings of the 2013 IEEE/ACM International Conference on Advances in Social Networks Analysis and Mining, ASONAM 2013",,,,"175","182",,14,10.1145/2492517.2492545,"https://www.scopus.com/inward/record.uri?eid=2-s2.0-84893279857&doi=10.1145%2f2492517.2492545&partnerID=40&md5=8b96aec9fdde39c746fdef83a252f8f8",Conference Paper,,Scopus,2-s2.0-84893279857
"Bradonjić, M., Molloy, M., Yan, G.","Containing viral spread on sparse random graphs: Bounds, algorithms, and experiments",2013,"Internet Mathematics","9","4",,"406","433",,2,10.1080/15427951.2013.798600,"https://www.scopus.com/inward/record.uri?eid=2-s2.0-84906319853&doi=10.1080%2f15427951.2013.798600&partnerID=40&md5=395ad6c1059ee052e7f493723730995e",Article,,Scopus,2-s2.0-84906319853
"Ventresca, M., Aleman, D.","Evaluation of strategies to mitigate contagion spread using social network characteristics",2013,"Social Networks","35","1",,"75","88",,19,10.1016/j.socnet.2013.01.002,"https://www.scopus.com/inward/record.uri?eid=2-s2.0-84875591009&doi=10.1016%2fj.socnet.2013.01.002&partnerID=40&md5=4c3e98043735db8bb5f8d312bc68e81c",Article,,Scopus,2-s2.0-84875591009
"Ferrara, E., JafariAsbagh, M., Varol, O., Qazvinian, V., Menczer, F., Flammini, A.","Clustering memes in social media",2013,"Proceedings of the 2013 IEEE/ACM International Conference on Advances in Social Networks Analysis and Mining, ASONAM 2013",,,,"548","555",,22,10.1145/2492517.2492530,"https://www.scopus.com/inward/record.uri?eid=2-s2.0-84893279844&doi=10.1145%2f2492517.2492530&partnerID=40&md5=a924d07f5718cdc06b52f09cff4935a6",Conference Paper,,Scopus,2-s2.0-84893279844
"Yang, C.C., Mao, W., Zheng, X., Wang, H.","Intelligent Systems for Security Informatics",2013,"Intelligent Systems for Security Informatics",,,,"","",205,,10.1016/C2011-0-07383-0,"https://www.scopus.com/inward/record.uri?eid=2-s2.0-85013820823&doi=10.1016%2fC2011-0-07383-0&partnerID=40&md5=40d3da060f3d550534e32536a82f529f",Book,,Scopus,2-s2.0-85013820823
"Rathore, H., Samant, A.","A system for building immunity in social networks",2012,"Proceedings of the 2012 4th World Congress on Nature and Biologically Inspired Computing, NaBIC 2012",,, 6402234,"20","24",,4,10.1109/NaBIC.2012.6402234,"https://www.scopus.com/inward/record.uri?eid=2-s2.0-84873168749&doi=10.1109%2fNaBIC.2012.6402234&partnerID=40&md5=1539bf3ecb372e7cdcb9d5ce674c0dc3",Conference Paper,,Scopus,2-s2.0-84873168749
"Fardad, M., Zhang, X., Lin, F., Jovanovic, M.R.","On the optimal dissemination of information in social networks",2012,"Proceedings of the IEEE Conference on Decision and Control",,, 6426070,"2539","2544",,12,10.1109/CDC.2012.6426070,"https://www.scopus.com/inward/record.uri?eid=2-s2.0-84874273991&doi=10.1109%2fCDC.2012.6426070&partnerID=40&md5=dbfff7a3e2d43b855865b6bc39260c23",Conference Paper,,Scopus,2-s2.0-84874273991
"Nguyen, D.T., Nguyen, N.P., Thai, M.T.","Sources of misinformation in Online Social Networks: Who to suspect?",2012,"Proceedings - IEEE Military Communications Conference MILCOM",,, 6415780,"","",,15,10.1109/MILCOM.2012.6415780,"https://www.scopus.com/inward/record.uri?eid=2-s2.0-84874339922&doi=10.1109%2fMILCOM.2012.6415780&partnerID=40&md5=605aec758df032f3680fb3cc3c681fba",Conference Paper,,Scopus,2-s2.0-84874339922
"Premm Raj, H., Narahari, Y.","Influence limitation in multi-campaign social networks: A Shapley value based approach",2012,"IEEE International Conference on Automation Science and Engineering",,, 6386448,"735","740",,1,10.1109/CoASE.2012.6386448,"https://www.scopus.com/inward/record.uri?eid=2-s2.0-84872556574&doi=10.1109%2fCoASE.2012.6386448&partnerID=40&md5=cef54bea8ab32d357ce3a20250495115",Conference Paper,,Scopus,2-s2.0-84872556574
"Gupta, M., Zhao, P., Han, J.","Evaluating event credibility on twitter",2012,"Proceedings of the 12th SIAM International Conference on Data Mining, SDM 2012",,,,"153","164",,45,,"https://www.scopus.com/inward/record.uri?eid=2-s2.0-84876796382&partnerID=40&md5=2f93965cae323c166b20ad68eceac05b",Conference Paper,,Scopus,2-s2.0-84876796382
"Robertson, L., Skegg, K., Poore, M., Williams, S., Taylor, B.","An adolescent suicide cluster and the possible role of electronic communication technology",2012,"Crisis","33","4",,"239","245",,19,10.1027/0227-5910/a000140,"https://www.scopus.com/inward/record.uri?eid=2-s2.0-84867364869&doi=10.1027%2f0227-5910%2fa000140&partnerID=40&md5=035f69897284a33e8ec174731c02e95f",Article,,Scopus,2-s2.0-84867364869
"Mccourt, C., Johnston, J.L., Cooper, S., Gormley, G.J.","The level playing field: The impact of assessment practice on professional development",2012,"Medical Education","46","8",,"766","776",,4,10.1111/j.1365-2923.2012.04300.x,"https://www.scopus.com/inward/record.uri?eid=2-s2.0-84864004624&doi=10.1111%2fj.1365-2923.2012.04300.x&partnerID=40&md5=770aa0bf8a412b7061684978a8627341",Article,,Scopus,2-s2.0-84864004624
"Crescimbene, M., la Longa, F., Lanza, T.","The science of rumors",2012,"Annals of Geophysics","55","3",,"421","425",,5,10.4401/ag-5538,"https://www.scopus.com/inward/record.uri?eid=2-s2.0-84863951561&doi=10.4401%2fag-5538&partnerID=40&md5=1464fa08dfa147cb4fd371c7ca5e5738",Article,,Scopus,2-s2.0-84863951561
"Pulman, A., Taylor, J.","Munchausen by internet: Current research and future directions",2012,"Journal of Medical Internet Research","14","4",,"","",,19,10.2196/jmir.2011,"https://www.scopus.com/inward/record.uri?eid=2-s2.0-84871702854&doi=10.2196%2fjmir.2011&partnerID=40&md5=b97cc3a64d40b28d00b55e6d876f14f4",Article,,Scopus,2-s2.0-84871702854
"Singh, A., Singh, Y.N.","Rumor spreading and inoculation of nodes in complex networks",2012,"WWW'12 - Proceedings of the 21st Annual Conference on World Wide Web Companion",,,,"675","678",,17,10.1145/2187980.2188178,"https://www.scopus.com/inward/record.uri?eid=2-s2.0-84861057354&doi=10.1145%2f2187980.2188178&partnerID=40&md5=903bfb2ce6436f975ee85fce2a801d7a",Conference Paper,,Scopus,2-s2.0-84861057354
"Li, J.-Y., Yang, Y.","Research on DoS attacks and resist method based on 4-way handshake in 802.11i",2012,"Lecture Notes in Electrical Engineering","138 LNEE",,,"631","637",,,10.1007/978-1-4471-2467-2_74,"https://www.scopus.com/inward/record.uri?eid=2-s2.0-84859182652&doi=10.1007%2f978-1-4471-2467-2_74&partnerID=40&md5=f9d7c91b521af6c846a7649117cf833f",Conference Paper,,Scopus,2-s2.0-84859182652
"Zhao, L., Wang, J., Chen, Y., Wang, Q., Cheng, J., Cui, H.","SIHR rumor spreading model in social networks",2012,"Physica A: Statistical Mechanics and its Applications","391","7",,"2444","2453",,105,10.1016/j.physa.2011.12.008,"https://www.scopus.com/inward/record.uri?eid=2-s2.0-84855908867&doi=10.1016%2fj.physa.2011.12.008&partnerID=40&md5=259fac12982f38fd5df62a5b40bc9e24",Article,,Scopus,2-s2.0-84855908867
"Nguyen, N.P., Yan, G., Thai, M.T., Eidenbenz, S.","Containment of misinformation spread in online social networks",2012,"Proceedings of the 4th Annual ACM Web Science Conference, WebSci'12","volume",,,"213","222",,44,10.1145/2380718.2380746,"https://www.scopus.com/inward/record.uri?eid=2-s2.0-84869059400&doi=10.1145%2f2380718.2380746&partnerID=40&md5=9433a62480fef8195a17b6f4be14bf28",Conference Paper,,Scopus,2-s2.0-84869059400
"Lugmayr, A., Gossen, G.","Evaluation of methods and techniques for language based sentiment analysis for dax 30 stock exchange - A first concept of a ""LUGO"" sentiment indicator",2012,"Proceedings of the 5th International Workshop on Semantic Ambient Media Experience, SAME 2012, in Conjunction with Pervasive 2012",,,,"69","76",,8,,"https://www.scopus.com/inward/record.uri?eid=2-s2.0-84905854210&partnerID=40&md5=dc4423004449de198c657d526f8c3b02",Conference Paper,,Scopus,2-s2.0-84905854210
"Liu, D., Chen, X.","Rumor propagation in online social networks like Twitter - A simulation study",2011,"Proceedings - 3rd International Conference on Multimedia Information Networking and Security, MINES 2011",,, 6103772,"278","282",,32,10.1109/MINES.2011.109,"https://www.scopus.com/inward/record.uri?eid=2-s2.0-84862950054&doi=10.1109%2fMINES.2011.109&partnerID=40&md5=dc738eda94361528050159c8f31a8ee4",Conference Paper,,Scopus,2-s2.0-84862950054
"Castillo, C., Mendoza, M., Poblete, B.","Information credibility on Twitter",2011,"Proceedings of the 20th International Conference Companion on World Wide Web, WWW 2011",,,,"675","684",,490,,"https://www.scopus.com/inward/record.uri?eid=2-s2.0-80052582956&partnerID=40&md5=598aad39df8e5cbbe79a978f357a7dc4",Conference Paper,,Scopus,2-s2.0-80052582956
"Budak, C., Agrawal, D., Abbadi, A.E.","Limiting the spread of misinformation in social networks",2011,"Proceedings of the 20th International Conference on World Wide Web, WWW 2011",,,,"665","674",,209,10.1145/1963405.1963499,"https://www.scopus.com/inward/record.uri?eid=2-s2.0-80052722917&doi=10.1145%2f1963405.1963499&partnerID=40&md5=1d7c39f3a2a688adb6ff5b078240f0ff",Conference Paper,,Scopus,2-s2.0-80052722917
"Palmer, J.","Hybrid Elicitation of Latent Intent in Open Societies (HELIOS)",2011,"2011 2nd Worldwide Cybersecurity Summit, WCS 2011",,, 5978789,"","",,,,"https://www.scopus.com/inward/record.uri?eid=2-s2.0-80052613892&partnerID=40&md5=f91cfba5e6fd7cb808c0ebb45ea520a8",Conference Paper,,Scopus,2-s2.0-80052613892
"Zhao, L., Wang, Q., Cheng, J., Chen, Y., Wang, J., Huang, W.","Rumor spreading model with consideration of forgetting mechanism: A case of online blogging LiveJournal",2011,"Physica A: Statistical Mechanics and its Applications","390","13",,"2619","2625",,75,10.1016/j.physa.2011.03.010,"https://www.scopus.com/inward/record.uri?eid=2-s2.0-79955559171&doi=10.1016%2fj.physa.2011.03.010&partnerID=40&md5=1b169bfabdc14baa29c4b83f3593abb6",Article,,Scopus,2-s2.0-79955559171
"Brinkman, W.B., Epstein, J.N.","Treatment planning for children with attention-deficit/hyperactivity disorder: Treatment utilization and family preferences",2011,"Patient Preference and Adherence","5",,,"45","56",,13,10.2147/PPA.S10647,"https://www.scopus.com/inward/record.uri?eid=2-s2.0-84856451502&doi=10.2147%2fPPA.S10647&partnerID=40&md5=efd7d718a2657e8725bae063d9e3c665",Review,Open Access,Scopus,2-s2.0-84856451502
"Chew, C., Eysenbach, G.","Pandemics in the age of Twitter: Content analysis of tweets during the 2009 H1N1 outbreak",2010,"PLoS ONE","5","11", e14118,"","",,437,10.1371/journal.pone.0014118,"https://www.scopus.com/inward/record.uri?eid=2-s2.0-78649725192&doi=10.1371%2fjournal.pone.0014118&partnerID=40&md5=c917dfda092eb2d31841629d20a5b094",Article,Open Access,Scopus,2-s2.0-78649725192
"Tripathy, R.M., Bagchi, A., Mehta, S.","A study of rumor control strategies on social networks",2010,"International Conference on Information and Knowledge Management, Proceedings",,,,"1817","1820",,36,10.1145/1871437.1871737,"https://www.scopus.com/inward/record.uri?eid=2-s2.0-78651320806&doi=10.1145%2f1871437.1871737&partnerID=40&md5=a614cb0bb83d45b3e8db680ef78b372d",Conference Paper,,Scopus,2-s2.0-78651320806
"Köse Dr., A., Yilmaz Dr., M.","A new channel for the grapevine: Online forums as a site of rumor transmission [Fisilti gazetesi için yeni bir mecra: Söylentilerin iletim mekâni olarak çevrimiçi forumlar]",2010,"Milli Folklor",,"85",,"183","192",,1,,"https://www.scopus.com/inward/record.uri?eid=2-s2.0-79959683808&partnerID=40&md5=6f2140ecef0efe7c66cafbb519727511",Article,,Scopus,2-s2.0-79959683808
"Acemoglu, D., Ozdaglar, A., ParandehGheibi, A.","Spread of (mis)information in social networks",2010,"Games and Economic Behavior","70","2",,"194","227",,8,10.1016/j.geb.2010.01.005,"https://www.scopus.com/inward/record.uri?eid=2-s2.0-76149086844&doi=10.1016%2fj.geb.2010.01.005&partnerID=40&md5=f6d10424f9b3337668ea07091837fbf9",Article,,Scopus,2-s2.0-76149086844
"Nelson, M.J., DeIorio, N.M., Schmidt, T., Griffiths, D., Daya, M., Haywood, L., Zive, D., Newgard, C.D.","Local Media Influence on Opting Out From an Exception From Informed Consent Trial",2010,"Annals of Emergency Medicine","55","1",,"1","8",,7,10.1016/j.annemergmed.2009.05.028,"https://www.scopus.com/inward/record.uri?eid=2-s2.0-72149083570&doi=10.1016%2fj.annemergmed.2009.05.028&partnerID=40&md5=07cbf13afb83dbee883fbc757ad6ef48",Article,,Scopus,2-s2.0-72149083570
"Clerici, C.A., Veneroni, L., De'Micheli, A., Betsos, I.M.","Robbery by hypnosis in Italy: A psycho-criminological analysis of the phenomenon based on 20 years of newspaper articles (1988-2007)",2009,"International Journal of Clinical and Experimental Hypnosis","57","4",,"419","430",,1,10.1080/00207140903098908,"https://www.scopus.com/inward/record.uri?eid=2-s2.0-70449671195&doi=10.1080%2f00207140903098908&partnerID=40&md5=26705c46a733e1cdd46ba64fa18febe2",Article,,Scopus,2-s2.0-70449671195
"Sun, Q., Guan, X., Zhou, Y.","A survey of network information content audit",2009,"Jisuanji Yanjiu yu Fazhan/Computer Research and Development","46","8",,"1241","1250",,6,,"https://www.scopus.com/inward/record.uri?eid=2-s2.0-69249226185&partnerID=40&md5=bf954d43b5525f223f0bbfa658483f51",Article,,Scopus,2-s2.0-69249226185
"Kimura, M., Saito, K., Motoda, H.","Blocking links to minimize contamination spread in a social network",2009,"ACM Transactions on Knowledge Discovery from Data","3","2", 9,"","",,81,10.1145/1514888.1514892,"https://www.scopus.com/inward/record.uri?eid=2-s2.0-70549088338&doi=10.1145%2f1514888.1514892&partnerID=40&md5=fabda09b578ba1a985d7fc8efd8511fe",Article,,Scopus,2-s2.0-70549088338
"Safar, M., Sawwan, H., Taha, M., Al-Fadhli, T.","Virtual social networks online and mobile systems",2008,"1st International Conference on the Applications of Digital Information and Web Technologies, ICADIWT 2008",,, 4664330,"119","126",,1,10.1109/ICADIWT.2008.4664330,"https://www.scopus.com/inward/record.uri?eid=2-s2.0-57949086177&doi=10.1109%2fICADIWT.2008.4664330&partnerID=40&md5=a813563e54f1a785c2f8ce916856c97d",Conference Paper,,Scopus,2-s2.0-57949086177
"Kimura, M., Saito, K., Motoda, H.","Minimizing the spread of contamination by blocking links in a network",2008,"Proceedings of the National Conference on Artificial Intelligence","2",,,"1175","1180",,36,,"https://www.scopus.com/inward/record.uri?eid=2-s2.0-57749169690&partnerID=40&md5=47923c7a7543cf9724041f4cbb3972ad",Conference Paper,,Scopus,2-s2.0-57749169690
"Kimura, M., Saito, K., Motoda, H.","Solving the contamination minimization problem on networks for the linear threshold model",2008,"Lecture Notes in Computer Science (including subseries Lecture Notes in Artificial Intelligence and Lecture Notes in Bioinformatics)","5351 LNAI",,,"977","984",,5,10.1007/978-3-540-89197-0_94,"https://www.scopus.com/inward/record.uri?eid=2-s2.0-58349104014&doi=10.1007%2f978-3-540-89197-0_94&partnerID=40&md5=4b7bce7ec92f9b2b2cbf172b04bdf1fc",Conference Paper,,Scopus,2-s2.0-58349104014
"Ku, Y., Chen, Y., Chiu, C.","A proposed data mining approach for internet auction fraud detection",2007,"Lecture Notes in Computer Science (including subseries Lecture Notes in Artificial Intelligence and Lecture Notes in Bioinformatics)","4430 LNCS",,,"238","243",,25,,"https://www.scopus.com/inward/record.uri?eid=2-s2.0-38049173517&partnerID=40&md5=f3ca274bca839f8a31fede8ec36b6aaf",Conference Paper,,Scopus,2-s2.0-38049173517
"Smith, E.A.","'It's interesting how few people die from smoking': Tobacco industry efforts to minimize risk and discredit health promotion",2007,"European Journal of Public Health","17","2",,"162","170",,18,10.1093/eurpub/ckl097,"https://www.scopus.com/inward/record.uri?eid=2-s2.0-34047197668&doi=10.1093%2feurpub%2fckl097&partnerID=40&md5=7b02bfa409977fc49371a45680694069",Article,,Scopus,2-s2.0-34047197668
"Nekovee, M., Moreno, Y., Bianconi, G., Marsili, M.","Theory of rumour spreading in complex social networks",2007,"Physica A: Statistical Mechanics and its Applications","374","1",,"457","470",,279,10.1016/j.physa.2006.07.017,"https://www.scopus.com/inward/record.uri?eid=2-s2.0-33751310571&doi=10.1016%2fj.physa.2006.07.017&partnerID=40&md5=f83db208894bf5a8215ccc28fff2b276",Article,,Scopus,2-s2.0-33751310571
"Rossier, C.","A secret known to all: access to abortion services and social networks in Burkina Faso [L'Avortement: Un secret connu de tous accès aux services d'avortement et implication du réseau social au burkina faso]",2006,"Societes Contemporaines","61","1",,"41","64",,1,10.3917/soco.061.0041,"https://www.scopus.com/inward/record.uri?eid=2-s2.0-34547499691&doi=10.3917%2fsoco.061.0041&partnerID=40&md5=c0fc861b24096a217955cc0a559feb9e",Article,,Scopus,2-s2.0-34547499691
"Wiesner-Ceballos, C., Vejarano-Velandia, M., Caicedo-Mera, J.C., Tovar-Murillo, S.L., Cendales-Duarte, R.","Cervical cytology in Soacha, Colombia: Social representation, barriers and motivation [La citología de cuello uterino en Soacha, Colombia: Representaciones sociales, barreras y motivaciones]",2006,"Revista de Salud Publica","8","3",,"185","196",,22,,"https://www.scopus.com/inward/record.uri?eid=2-s2.0-33846482029&partnerID=40&md5=e6aaf162c621a984874618c86a6e69d5",Article,,Scopus,2-s2.0-33846482029
"Uhegbu, A.N., Opeke, R.O.","Deterrents to effective interactive interpersonal information networking of rural women in Imo State, Nigeria",2004,"Journal of Information Science","30","6",,"520","527",,,10.1177/0165551504047828,"https://www.scopus.com/inward/record.uri?eid=2-s2.0-10644231977&doi=10.1177%2f0165551504047828&partnerID=40&md5=90a592d6dbb587835dbf4126af450aad",Review,,Scopus,2-s2.0-10644231977
"Canto, M.T., Kawaguchi, Y., Horowitz, A.M.","Coverage and quality of oral cancer information in the popular press: 1987-98",1998,"Journal of Public Health Dentistry","58","3",,"241","247",,27,10.1111/j.1752-7325.1998.tb03000.x,"https://www.scopus.com/inward/record.uri?eid=2-s2.0-0032082929&doi=10.1111%2fj.1752-7325.1998.tb03000.x&partnerID=40&md5=6cd35547c55d19ba8370705d5904c064",Review,,Scopus,2-s2.0-0032082929
"Sjøvold, T.","The stone age iceman from the Alps: The find and the current status of investigation",1992,"Evolutionary Anthropology: Issues, News, and Reviews","1","4",,"117","124",,6,10.1002/evan.1360010404,"https://www.scopus.com/inward/record.uri?eid=2-s2.0-5744235097&doi=10.1002%2fevan.1360010404&partnerID=40&md5=55d385ba78860e31f789ae337e2beada",Article,,Scopus,2-s2.0-5744235097
